S1,S2,S3,S4,S5,T,RH,AH
0.07218991986854412,0.03198666655266999,0.0361223378156585,0.04752981671566543,0.03649631162438788,0.04029004860412168,0.035213229740488024,0.06367804950320641
0.014921752486007588,0.03642200060449978,0.036279264832260606,0.024440396774838734,0.014654048123270275,0.020177864406380176,0.08045222176854179,0.1661061459703474
0.03352239079288516,0.021894346913700576,0.02012147068111252,0.021046032919324394,0.02617893719629224,0.11363766224695562,0.07174105976001321,0.040919938989177285
0.020394241740012437,0.015685305254416082,0.04778539831689291,0.07114388395129345,0.011871782060623254,0.1413070496852727,0.04582739989925514,0.38319503852003145
0.06319880613453494,0.011976590802657935,0.023953948601630578,0.021169685099507226,0.02950849752759611,0.049056582795274375,0.03153689689760056,0.17852291026301956
0.052735070379353856,0.01209452321672893,0.015553921518414327,0.013866975482476722,0.013851727215897978,0.1795195698582122,0.12167828175811127,0.02948641300860757
0.03867592859462457,0.020049721566739606,0.02652319042436952,0.02437077302417244,0.014288068921617238,0.20405433750202367,0.1397507951468451,0.15166762834644168
0.11911734198001475,0.01218501181589422,0.026150480270294946,0.010059920269761984,0.0345632527754835,0.2424764281208729,0.09944138689580982,0.15532481472106124
0.13153291844858667,0.018293633971112385,0.012807117545122577,0.0518748247468499,0.025474821752608033,0.3166828040804276,0.059171931250297426,0.4176907630726403
0.1200546780802983,0.01784122851963786,0.014425452654273899,0.02528551632271451,0.033051799053178565,0.3743581029417312,0.11866819077051308,0.37990015023426893
0.11728074180957684,0.0301730847863992,0.043303705893919915,0.06909642295686919,0.026724624465485937,0.3507581415783734,0.10886383381124956,0.4610782978586907
0.06712947702174578,0.01965489239532401,0.06465867828171146,0.0641843347016724,0.025991037074208717,0.42834435098060814,0.12357282098438527,0.42981046064774836
0.0593693248063997,0.031173039536280152,0.09299607152688083,0.04318184803832636,0.015994361296549662,0.43418769394353385,0.16004137328906418,0.37326250443841547
0.10002585158840566,0.019009718511907928,0.06038964658654128,0.028944128143241675,0.026104813719113412,0.35741158149112895,0.15201272258682366,0.2602406458393825
0.06294703903493473,0.021237278843204206,0.09475256013379307,0.026053343172600038,0.021169011056277914,0.4233951790699438,0.23041149175237158,0.35914484493702586
0.07859438554785296,0.009601598290314168,0.06940064540015695,0.049746024851594975,0.020562488006801403,0.45035622753527405,0.13237517103191468,0.42482346113684305
0.09360329029618789,0.02461251444928947,0.10615447916970908,0.06142807755665951,0.030536752579967914,0.46452970120558124,0.10039618766318537,0.45941433347364524
0.1209074300748536,0.05721978873157261,0.09359070666594299,0.0844570569825783,0.04209253848184059,0.4423772615089542,0.025348060121066718,0.5805366596723087
0.20771991816735624,0.09942436808489284,0.03695332641709352,0.04368986002771595,0.11966234141826046,0.4615761386179492,0.06856353339596899,0.5105624882029471
0.1968606503230883,0.08515017798145781,0.041220624960987835,0.03469520008512232,0.10225150695387673,0.4218638612081016,0.08880559736086421,0.4520118277780011
0.1074182863004248,0.019271050667161168,0.10555190419805405,0.026083138058431876,0.06165204939935995,0.3947067740666177,0.03357472087649977,0.5484952196111864
0.0731176957210044,0.017936655063330663,0.10261017813657605,0.01841507197753499,0.009058962576226607,0.4466457717885546,0.1413059673806118,0.4291401108037882
0.022607556831977203,0.033005716370710966,0.054096062696209965,0.024510434910581164,0.02268954992740415,0.3922579198825821,0.06098337540275907,0.38289224097060875
0.054465891512830836,0.03163053268580137,0.06431330537901353,0.022755561069485057,0.02536126453712207,0.33621564647322016,0.018573293676980365,0.5267677623673626
0.09509248471469112,0.024952824992629016,0.07203109661160854,0.05941267565379445,0.015538672512567783,0.14764431045949236,0.032554553890760396,0.14813110075890923
0.015811144613593026,0.05798842368387054,0.20109540400342463,0.028537464559923953,0.057040556262503726,0.2897430331179631,0.04123544436412428,0.5648552508064547
0.023522096170954805,0.03029463234457857,0.15046543695246845,0.012571049675153809,0.01103165861540521,0.2022628534727885,0.06463425431817163,0.4512938975241484
0.04360047625044828,0.0265222830034777,0.11213702875100315,0.03369948590560104,0.020338749717119617,0.13481016670982893,0.09679692424472436,0.39488858103486213
0.013097125342286534,0.07964190591939577,0.2944523878791305,0.05491592760977415,0.10011841655115691,0.22803389934109863,0.14378705687443555,0.5836880201415788
0.016427675963798277,0.03548715664719368,0.20364179565967522,0.034008585727290486,0.04648508671266042,0.2239879889087881,0.19083015998341546,0.5820333586309032
0.09647198494877324,0.03189090007850061,0.09844776991727094,0.11499816792557731,0.022231622643168032,0.045085413409273224,0.06441555651412306,0.2685795825780388
0.12409317207072235,0.03451933736543267,0.08255304765525696,0.19482764351167237,0.03455024933902584,0.040706933100728995,0.03319038182512383,0.1908338670402731
0.04238504293095916,0.047928346903066826,0.14885984025828425,0.13727666496325686,0.09178779672295936,0.09937101714488814,0.0803505847380733,0.1865058785895494
0.022814937217602263,0.04147302678585994,0.1399293502857932,0.06183756512320994,0.06674371356641982,0.07199884647083432,0.21518200341906008,0.13971176271554558
0.026830665961711242,0.018534662621954218,0.11573060831401205,0.07106022676898507,0.03612644391587766,0.07352677051617712,0.21038255196633365,0.3504607516962183
0.05773816553233312,0.02277588579007418,0.06805697715248718,0.2389006659816526,0.045280726186338625,0.06989418707649078,0.06024219599058468,0.14586662306680379
0.12478495154428593,0.025079347127153304,0.030041077355261406,0.3319399561358726,0.029131713845138303,0.24121363461875192,0.09423588074203122,0.27582035549499617
0.01984126234976726,0.00915769661948823,0.12637463938986912,0.17515229005926908,0.06643801225244844,0.18239473795735475,0.09168347177778813,0.06516213668851092
0.08111535881270904,0.05352538696250369,0.05836873587376129,0.34884585641138266,0.033400496311578876,0.2305199004813682,0.03837419283484672,0.2826049479234123
0.016532193199531975,0.02485834098281831,0.2111881235107135,0.10057597662459875,0.04522832322708699,0.12646141442839282,0.15109806632250766,0.09377749969565258
0.025326268866186732,0.030189168432290175,0.1372555028870652,0.17220553558857865,0.047726355543594175,0.2916680259156659,0.1148364214366159,0.14145435984312282
0.06681064988736456,0.033627118660879696,0.08073708921224929,0.29705543007408775,0.05233602744157829,0.2816355180306226,0.054128986218838,0.30434426910008083
0.13836045860554497,0.07437661780172751,0.032232927024704594,0.3950677182757282,0.08224174605982093,0.39235127571908646,0.07872113090632354,0.50361983708647
0.07349293894190116,0.047438955342198386,0.06245100400486729,0.3713636242319705,0.026653779760345633,0.2780962226019045,0.052200433663107226,0.48380546641737854
0.040684742930505946,0.02211748448087415,0.15963700549033905,0.23983168625402002,0.056725480299308864,0.18056809825459486,0.06602564853002696,0.23003891233744883
0.07235250059202453,0.045616420260475354,0.07285920884142888,0.3597947080103524,0.021337187590482115,0.3557861067076479,0.1025897788952643,0.3318519038284181
0.12882584815991188,0.0664677355468028,0.03506276974086438,0.3734974787596719,0.05450939662334832,0.3899030309953162,0.1073391446211448,0.337984346412589
0.04087170048821354,0.03112681957369199,0.09225332259978193,0.31418312266617254,0.029977176748140648,0.26870998304400706,0.03294602621270259,0.3711534293342853
0.022151374781320732,0.013475722158261642,0.18564809916285693,0.19551897180531852,0.028802349031848362,0.045537257483706,0.027078381636057434,0.11332262178792804
0.017070114353887646,0.015070523083125903,0.24355113445723417,0.12109930832110732,0.023572528541409822,0.037801858748842634,0.044194411750313245,0.0684651554481654
0.01441001683626788,0.02206148747098821,0.24010087183954126,0.06690721031679131,0.03570566461389588,0.06240828710007876,0.06073721230509108,0.3199585439030489
0.13307079838151326,0.09723117405356266,0.0514310562926938,0.3421712751882703,0.10746993883310213,0.051549468658786096,0.08478102651053915,0.09974602455772949
