window,n_samples,RMSE,MAE,JSD,SPD,CAL,T,RH,AH,JSD_z,SPD_z,CAL_z,DS,t
4,144,1.0596330827737788,0.857471985957512,0.045438297553092755,1.056453924844841,0.10319742123551734,13.9625,50.42847222222222,0.7547048611111111,-1.4937504684788299,-0.5180093694282948,-1.2126867874291931,-1.0748155417787726,0
5,168,1.3427182365339412,1.0515742737975224,0.049181711870768294,0.5541299527721346,0.5378815997035957,15.375,60.026785714285715,1.0044678571428574,-1.4162095645141646,-0.8607787991365712,-0.8969513412151684,-1.057979901621968,1
6,168,1.271216440123678,0.9984043640753998,0.04363272993743263,1.5000690920518291,0.5771302567473509,19.511309523809523,40.42619047619048,0.8680910714285713,-1.5311509091478037,-0.21530090571302515,-0.868442845026777,-0.8716315532958686,2
7,168,2.0433643519987204,1.5421000213733937,0.09215126242847468,1.4566664032612326,1.0669022923055387,19.08511904761905,56.469047619047615,1.18805,-0.5261403628584763,-0.24491747930232072,-0.5126940051792008,-0.42791728244666594,3
8,168,1.3909899093877716,1.0856143195449857,0.05111548976522766,1.0918511628597702,0.4109185884134554,16.151785714285715,56.40238095238095,0.9983363095238096,-1.3761533823023127,-0.49385545330607306,-0.9891716818855905,-0.953060172497992,4
9,168,1.5982100729612148,1.1862824431018189,0.05484831030472536,0.5488420598108767,0.6205005699562065,21.372619047619047,36.408928571428575,0.8677708333333334,-1.2988319173488283,-0.8643870841387976,-0.8369405592944114,-1.0000531869273457,5
10,154,2.623254949389022,1.55989980131608,0.07742255544085423,0.30844798204284984,0.9104523363294668,22.714935064935066,33.660389610389615,0.866790909090909,-0.8312300903455317,-1.0284241309908382,-0.6263323640317238,-0.828662195122698,6
11,168,3.923601011651233,3.097399068620901,0.08741482960614917,0.4716931281539054,2.9124733502894795,22.179761904761907,42.61607142857143,1.0710089285714286,-0.6242506043235687,-0.9170309888235522,0.8278475428611577,-0.23781135009532106,7
12,168,4.294348626525168,3.8434129078622514,0.12919110185845561,1.5428704503015656,3.3445777749160053,24.75059523809524,42.29821428571429,1.2170994047619046,0.24110108795966223,-0.18609466039396183,1.1417091694824024,0.3989051990160342,8
13,168,3.4074474802723898,3.0044654175368413,0.13544813982207704,1.071336887432171,2.6336515770097426,26.12083333333334,37.657738095238095,1.192397619047619,0.3707090711181234,-0.5078537231082934,0.6253236844798519,0.16272634416322732,9
14,130,3.15058941168122,2.69649753544876,0.1509098566450706,0.9824766794063278,2.100899760708721,26.254615384615388,38.49769230769231,1.2311561538461537,0.6909823290472791,-0.5684890192959268,0.238356224486394,0.12028317807924878,10
15,168,3.519711890371457,3.0840552889498825,0.1529182565109255,0.6091938544835127,2.6092860985381208,29.72738095238096,35.585119047619045,1.3803375,0.7325842271822427,-0.8232049957020223,0.6076256738355084,0.17233496843857624,11
16,168,3.469463698935449,2.896965012565173,0.15127577710943127,0.30183283575919173,2.474735388757713,30.054761904761904,33.11964285714286,1.2797053571428572,0.6985619879302732,-1.0329380901987377,0.5098939631009514,0.05850595361082896,12
17,168,2.877589662616298,2.3080296830710245,0.12551738855831815,0.18776614003644987,1.9746191385694214,27.14464285714286,33.650000000000006,1.1133380952380951,0.16500396751680474,-1.1107734681924692,0.1466315412465958,-0.2663793198096896,13
18,168,3.522129007552947,2.7798409676077993,0.1548888435000189,0.39037974029727884,2.1292505205031667,30.234523809523807,29.54642857142857,1.1439327380952382,0.773402871208318,-0.9725165820518793,0.2589489679944564,0.019945085716965016,14
19,168,4.6253643940550075,3.9565439204310526,0.15443250022509403,0.48618376365745775,3.7667704723523716,29.960714285714282,35.795833333333334,1.4068297619047618,0.7639501985803402,-0.907143053658586,1.44837135392895,0.4350594996169013,15
20,167,4.658472811466463,4.006893392949878,0.16758441704927823,0.04161602924902397,3.802871861436893,30.51556886227545,38.12994011976047,1.546488622754491,1.0363783705302145,-1.2105015180398624,1.47459381325958,0.43349022191664405,16
21,164,5.22862840900566,4.7014206358262065,0.18081618777988973,1.1633957694390498,4.66347559343404,28.60487804878048,50.46524390243902,1.8392859756097564,1.3104606324535775,-0.4450357565380814,2.0996984680762916,0.9883744479972626,17
22,168,5.219095337954716,4.615038441062621,0.19351899679152307,2.6489074691524186,4.594659766940803,30.098809523809525,39.079166666666666,1.5497327380952381,1.5735860067947671,0.5686287835687638,2.0497136819702004,1.3973094907779107,18
23,168,4.653419957795158,4.192524312788932,0.17785743083143749,2.6861479866251186,3.8746649311536068,28.946428571428573,39.542857142857144,1.496489880952381,1.2491730834608221,0.5940404932339176,1.526741137742304,1.1233182381456812,19
24,123,3.7681505376488307,3.2765241568025236,0.162094142897217,0.019052846149796743,3.273566403394952,27.157723577235775,44.04065040650406,1.4819674796747968,0.922653096051643,-1.2258978953447586,1.0901296361474522,0.26229494561811223,20
25,150,3.890512710262517,3.082392813479712,0.15477880168095343,0.3013226769091988,2.7542011342603008,28.724000000000004,34.478,1.2710780000000002,0.7711234702657174,-1.033286205892582,0.7128855745480527,0.15024094630706267,21
26,168,5.358778558118051,4.62968033195831,0.12413035712410417,0.8421856397964413,4.4136288044245875,26.23392857142857,44.74285714285714,1.4125226190476188,0.13627306516156076,-0.6642190308298016,1.9182207623749932,0.4634249322355841,22
27,168,3.768432906536931,3.45504410208462,0.135010407212727,1.696014651105683,3.41107059984326,23.81547619047619,48.0422619047619,1.3474732142857142,0.36164189892092724,-0.08159407254393732,1.1900066295427747,0.4900181519732549,23
28,168,3.3231804970212417,2.8081672438831866,0.0744197149493066,0.035328041505539254,1.1448849859521726,20.507142857142856,46.35357142857143,1.0953375,-0.8934307837277395,-1.2147922349729074,-0.456050810429706,-0.854757943043451,24
29,167,3.2926382693436547,2.7893471161980665,0.15703834017648224,2.5731443030907233,2.635350581361175,22.42814371257485,55.691017964071854,1.468634131736527,0.8179274418856844,0.516930479948681,0.6265577664262194,0.6538052294201949,25
30,168,3.173913531491831,2.6750808982667458,0.11825948488420868,1.28781515127503,2.068579658342644,21.21011904761905,58.544642857142854,1.45895,0.014664100213958906,-0.36013604454424,0.2148803253216269,-0.04353053966955139,26
31,168,2.9928229463336296,2.3435964326318515,0.10784921195213315,0.7020329567333423,1.688419920135658,18.13035714285714,61.266666666666666,1.2492047619047622,-0.20097379214022337,-0.7598546323866987,-0.0612509684337637,-0.34069313098689524,27
32,168,3.4285194449789143,2.702356800698874,0.1872168424573571,2.2496651834967487,2.6941075600593294,21.01607142857143,64.98511904761905,1.5812166666666667,1.4430434853087928,0.2961989212132891,0.6692362484285546,0.8028262183168788,28
33,168,3.720265123070471,3.0786101790290363,0.16661272602921562,2.063235809197158,3.009919800435936,20.104761904761908,68.19821428571429,1.5753630952380953,1.0162508095188036,0.16898562090857597,0.8986283532587085,0.6946215945620294,29
34,168,4.081347005944943,3.272910039664725,0.09276512475184065,0.16862692841774152,1.1048316274347414,14.98154761904762,59.80476190476191,1.0406797619047619,-0.5134248482442129,-1.1238334394786118,-0.485143806334088,-0.7074673646856375,30
35,168,3.630328856345761,2.7585109681665476,0.09190932898852952,2.4216624812718894,0.6695604574140575,12.798214285714288,51.546428571428564,0.762379761904762,-0.5311517604865855,0.41356424508283435,-0.8013056173641475,-0.30629771092263286,31
36,168,6.747284818481495,4.42049472651681,0.10430814653137965,0.3519103464057274,2.950622762930678,10.861309523809522,54.80059523809524,0.7252791666666667,-0.2743232507953214,-0.9987668367451226,0.855557596320019,-0.13917749707347501,32
37,168,4.608576947302824,3.7675188562746627,0.09496140069804065,0.6618590177859316,2.970373976083195,12.010119047619048,70.61369047619047,0.9838107142857143,-0.46793129402552114,-0.7872680128099327,0.8699040078226321,-0.12843176633760725,33
38,168,3.388643725716831,2.5798974808893904,0.11283158522015867,1.1859093791148068,1.2909992327016369,14.06011904761905,70.3470238095238,1.1157482142857142,-0.09776915212271733,-0.42967320651405627,-0.3499198556333927,-0.29245407142338875,34
39,143,4.469253368579548,3.4600265113022317,0.08859442834709562,2.0194958362088657,1.3601972975745191,12.258741258741258,48.38601398601398,0.6703405594405595,-0.5998164527906534,0.1391388956273022,-0.2996574283999364,-0.2534449951877626,35
40,118,3.9264191507987114,3.0837738930735346,0.14403086460793638,4.146122619287111,0.05898121684217372,8.213559322033898,49.40762711864408,0.540064406779661,0.548491219151558,1.590279375008145,-1.244803491269722,0.2979890342966603,36
41,163,4.757993867989966,3.7951635918241444,0.09202553088681198,3.5415678474542918,0.720212078090384,9.803680981595091,62.94233128834355,0.7823705521472392,-0.5287447599596369,1.1777509951390692,-0.7645145105148838,-0.0385027584451505,37
42,116,3.418952512192687,3.014363604115335,0.14084435945144536,4.373384001827137,1.3938049386644566,8.677586206896551,49.8948275862069,0.5563482758620689,0.4824861047415112,1.745355100672865,-0.27524631780205794,0.6508649625374393,38
43,168,3.789517318740199,3.2283089900730304,0.09621499224891282,3.4183714512971015,1.0808478232152616,12.148809523809524,65.16904761904762,0.916747619047619,-0.4419644589898916,1.0936858085251944,-0.5025645856084442,0.049718921308952835,39
44,168,5.426037647131794,4.599883009410424,0.12008270481413993,2.44396761846858,2.2384562015400675,7.526785714285714,62.95595238095238,0.6569660714285716,0.05243019007094519,0.42878454031367375,0.3382711659010094,0.2731619654285428,40
45,168,4.969536386425705,4.243885256744629,0.14633438607821264,3.6568699236431845,0.03151986141700469,7.479166666666667,51.707142857142856,0.5345464285714285,0.5962062519930598,1.2564293563097892,-1.2647502106082644,0.1959617992315282,41
46,159,4.769787631755631,4.093217703377204,0.21212146393492576,4.398854574837376,1.3690744288721923,5.461006289308178,43.43018867924528,0.38556729559748426,1.9589166156620526,1.7627353856491885,-0.2932094711238076,1.1428141767291444,42
47,143,4.771794051826911,4.131686468287279,0.17443780312045915,4.187474638828842,1.4492804413196918,6.878321678321678,43.218181818181826,0.4181132867132867,1.1783390796798754,1.6184966390521418,-0.23495135549971072,0.8539614544107689,43
48,117,4.456628131031574,3.597031065603936,0.12445363232213984,4.077316978527474,0.07223215200291477,9.544444444444443,47.01025641025641,0.5587034188034189,0.142969372050884,1.543328658826757,-1.2351785954649694,0.15037314513755717,44
49,168,4.505370036650525,3.9404378434540708,0.17027347684076172,4.587850093382295,1.4768968878372233,6.709523809523809,58.221428571428575,0.5613970238095238,1.0920794255970065,1.8916997387573167,-0.214891984821008,0.9229623931777717,45
50,168,4.037352210833264,3.702644001958871,0.18669871885745615,4.419130957900036,1.3890920276156713,4.854166666666667,53.10178571428572,0.46926190476190477,1.432311098003427,1.7765713254914712,-0.2786695688580301,0.9767376182122893,46
51,168,4.724958011240867,3.985896037490105,0.14765269758337446,4.305725127094464,0.41626028143156013,7.330357142857143,49.69345238095238,0.49162976190476193,0.6235136930461626,1.6991869000768847,-0.9852917112950954,0.4458029606093173,47
52,167,4.463216587538063,3.719628234822236,0.07894184723091222,3.247147569000755,0.4873428184483508,13.56826347305389,48.726347305389226,0.7168281437125748,-0.7997595533464794,0.9768482380525255,-0.9336604864777663,-0.2521906005905734,48
53,168,3.6645709939634536,2.939653825147079,0.07135312933801077,2.7592361109866452,0.1122177974948606,16.605357142857144,50.16011904761905,0.8900184523809523,-0.9569518904516585,0.6439134359933009,-1.2061347833206026,-0.5063910792596534,49
54,168,2.454465552560966,1.7070352847664292,0.10278616179821291,2.0889936316999433,0.0575596472876736,17.298809523809524,59.342261904761905,1.1293154761904762,-0.3058495692882876,0.18656191553249424,-1.2458360567962525,-0.455041236850682,50
55,117,5.152120459870282,4.656428499755831,0.12093134530952461,4.532644458864514,4.141436667550288,16.904273504273505,39.422222222222224,0.712591452991453,0.07000888843795097,1.8540292214967855,1.7205123799470203,1.214850163293919,51
