Timestamp,y,temp_std,humid_mean,humid_std,light_mean,light_std,volt_mean,n_sensors,hour,window
2004-02-28 00:00:00,19.580299999999998,0.6867525501846967,37.95169642857143,1.609526740307396,125.05428571428571,81.87442106907885,2.699652142857143,22,0,0
2004-02-28 01:00:00,18.346151143200963,0.8340255417076865,40.34383134777377,1.9166423901443745,143.64330324909747,143.5959371650434,2.670108721419976,52,1,0
2004-02-28 02:00:00,17.945257159221075,0.8582635339458545,40.70972514318442,2.004649529541548,140.79201030927837,145.3210612890105,2.667432961053837,52,2,0
2004-02-28 03:00:00,17.588508350424846,0.8611059174925346,41.005317521242304,2.0869202387052264,127.07806621740404,125.71844112606064,2.661742156460592,52,3,0
2004-02-28 04:00:00,17.14402154805784,0.9288432726276301,41.38670164445705,2.2674125242723226,127.42195633683016,125.98580409782298,2.657696489934789,52,4,0
2004-02-28 05:00:00,16.848843386861315,0.9077787402424643,41.53139433576642,2.2605066177490607,129.90534306569342,127.18631502630845,2.6523408116788323,52,5,0
2004-02-28 06:00:00,16.629452806414662,0.8910129875658634,41.80303021191295,2.250194520037559,137.61969644902635,123.46380588885064,2.650828390607102,52,6,0
2004-02-28 07:00:00,17.098116365788695,1.1345749974526027,40.88169946729802,2.6783996486462365,480.8008759988162,314.8607924689327,2.6569491299200942,52,7,0
2004-02-28 08:00:00,19.07273554017454,1.8573377640134676,37.63645476978633,3.79767137367885,831.0509780318988,454.51782578652825,2.6746959133313273,52,8,0
2004-02-28 09:00:00,21.05436395177889,2.2685643506813875,35.003361452513964,4.371951461755512,997.6919847103793,547.3951882802082,2.693124057630109,50,9,0
2004-02-28 10:00:00,22.52417816091954,2.2823926719090464,33.68262531609195,4.272951047479846,1092.1415172413792,594.4745300454642,2.7025086695402303,51,10,0
2004-02-28 11:00:00,23.33500324196876,2.0665868985356783,33.085539728853526,3.7919350830801286,1093.7441556145004,596.7327925555506,2.709110798703213,51,11,0
2004-02-28 12:00:00,23.765264353312304,1.8142012862158834,33.011327530828794,3.3659512070929565,1097.3491941496989,574.0909573346474,2.7146122942357325,51,12,0
2004-02-28 13:00:00,24.35317604519774,1.6680520111016228,32.47715172316384,3.093474860833451,1095.178395480226,569.1522291390097,2.721556104519774,51,13,0
2004-02-28 14:00:00,24.252488888888887,1.2232552769262401,32.63714159756772,2.2734314530931106,999.9001437258153,548.2132184359297,2.721292700386954,52,14,0
2004-02-28 15:00:00,23.71228048780488,0.9930794422933198,33.347054774260506,1.8383736178968766,788.5283238194085,498.48454261157985,2.714133092890503,52,15,0
2004-02-28 16:00:00,22.766823817863397,0.69152777937172,34.77494250688016,1.51219638400269,558.5640630472855,399.35875333610744,2.706281558669002,52,16,0
2004-02-28 17:00:00,21.90154543185222,0.5197854581216869,36.42006410384423,1.280987003915072,254.74078881677482,206.1533716924164,2.694636667498752,52,17,0
2004-02-28 18:00:00,20.981793852676205,0.5055057925031892,37.96929597244303,1.2838854267254902,83.96489147874934,65.46688523452967,2.6821825940646526,52,18,0
2004-02-28 19:00:00,20.417985297845377,0.5247824978478858,38.87457173637516,1.3231157563572327,90.5076810832446,92.62302159600317,2.6767512446134347,51,19,0
2004-02-28 20:00:00,20.066213631633715,0.6074837589850177,39.44283571800208,1.4243421195876513,103.71755463059314,129.0665706973042,2.6745092663891783,51,20,0
2004-02-28 21:00:00,19.661708898632963,0.6724427363420407,39.97840559711117,1.483004365263706,91.80285297699253,99.24862940878508,2.670224549909724,51,21,0
2004-02-28 22:00:00,19.18448742964353,0.7127098161507732,40.52201184668989,1.5571039417676393,71.13284388930582,97.10931827485656,2.663157502010185,51,22,0
2004-02-28 23:00:00,18.756968349463772,0.7044753923543526,40.99733803295841,1.5718614052361861,45.722673408527335,58.19240468435781,2.6574912450954744,51,23,0
2004-02-29 00:00:00,18.370986210582576,0.7275087652236747,41.37893955104222,1.610123615952866,45.73411550518439,58.290541598513144,2.65117119454837,51,0,1
2004-02-29 01:00:00,17.890117981072553,0.7318772709220958,42.21533911671924,1.5922114364655073,45.57676130389064,57.14176669062403,2.6462507570977922,51,1,1
2004-02-29 02:00:00,17.4985045503792,0.7753589170735367,43.12448810942578,1.7230673279561182,45.56018418201517,57.71521865076295,2.641215758396533,51,2,1
2004-02-29 03:00:00,17.174540259740258,0.7979900653745651,44.02721327855817,1.855665071738159,44.28350384309568,56.922190013453275,2.6351803684071027,51,3,1
2004-02-29 04:00:00,16.921782319849985,0.838623574347599,44.89867428341816,2.0041817412725123,45.46742030538441,57.425179907145605,2.633037725689794,51,4,1
2004-02-29 05:00:00,16.64942319615179,0.8660185206286338,45.7426588989845,2.1235383047838323,44.35545697487974,57.15816801427492,2.6270984901122394,51,5,1
2004-02-29 06:00:00,16.394824075067024,0.8771832065229394,46.530221313672925,2.2248730277718005,51.17224137549598,57.678341989737966,2.6245261018766755,52,6,1
2004-02-29 07:00:00,16.43343143001516,0.8515542428281763,46.54491836786256,2.077037665515799,191.086649823143,171.9081531624495,2.6269796462860033,52,7,1
2004-02-29 08:00:00,18.196069326287976,1.6248255212532874,42.68025062087186,3.3230525543448737,819.562250990753,498.2936896029316,2.6427268824306474,52,8,1
2004-02-29 09:00:00,19.814621752577317,1.5860854371413562,39.99854567010309,3.448215996094547,757.1889278350516,485.9225173599464,2.657332231958763,52,9,1
2004-02-29 10:00:00,20.184470640421402,1.399291439876153,39.97854535625173,3.0148746596665807,878.0794233434988,515.417052908997,2.660777540892709,52,10,1
2004-02-29 11:00:00,20.78446429691584,1.3567672902957342,39.431094824882386,2.8955069888506517,839.316048092002,507.701096371834,2.6669462571876634,52,11,1
2004-02-29 12:00:00,20.922608391959802,1.0880962370399494,39.822094924623116,2.416313232961163,790.6295075376885,507.56223734884634,2.6689784623115576,52,12,1
2004-02-29 13:00:00,21.202501219828704,0.9635883157954743,39.799658214378404,2.1291626678134326,883.8064884505579,528.3122460847194,2.6723585881131586,52,13,1
2004-02-29 14:00:00,21.24071962283384,0.7725046164550344,40.04914396024465,1.8567353647202587,760.7518450560651,505.029403219958,2.671433154943935,52,14,1
2004-02-29 15:00:00,20.70616586625355,0.6734199381523525,41.33800508649625,1.5760276732784806,400.9494448747741,295.4454600549363,2.665856372321198,52,15,1
2004-02-29 16:00:00,19.9919875,0.5845688180124545,42.39409119897959,1.5689757504492956,238.9723469387755,154.42523029337903,2.658719456632653,52,16,1
2004-02-29 17:00:00,19.58909381706694,0.5891180718486358,42.78932118037813,1.6715188567536572,143.6659683188554,89.61965968890385,2.6517305084312723,52,17,1
2004-02-29 18:00:00,19.14085364953887,0.5741221222978772,43.165806113306985,1.7035198950033716,95.36812121212122,74.63055190556408,2.646101162055336,52,18,1
2004-02-29 19:00:00,18.86017184765826,0.5877471041091638,43.43106595470921,1.7275691649817588,96.13112197632526,74.31351591914253,2.641292223365929,52,19,1
2004-02-29 20:00:00,18.644566252314203,0.6176921546437191,43.69375530282994,1.7399757273824907,93.02669664110024,71.21091349248466,2.6404242792911927,52,20,1
2004-02-29 21:00:00,18.51023803295841,0.6127037546953537,43.909174444153805,1.6941139646541363,87.55259232037666,72.67942292747144,2.6389999686110386,52,21,1
2004-02-29 22:00:00,18.326148577449946,0.6716732590205907,44.203850922023186,1.752011651697993,75.82681776090622,67.60515857433465,2.636275403055848,51,22,1
2004-02-29 23:00:00,18.097744206680584,0.7171211968207367,44.67145180062631,1.798635465905662,70.6232150888309,63.36582615016767,2.6344526200417535,51,23,1
2004-03-01 00:00:00,17.903543795818624,0.6799118406614272,45.385916046701055,1.6934772697858267,69.63262020646212,63.061831510533274,2.6296043822970403,51,0,2
2004-03-01 01:00:00,17.62906454398273,0.6461536701280728,46.32836524554776,1.579502435194854,67.9414786832164,62.980525310553006,2.627062415002698,50,1,2
2004-03-01 02:00:00,17.40862753583987,0.6635945300179109,46.71817435758723,1.645890391879242,66.82367865837166,61.963873833789535,2.6230032945631594,50,2,2
2004-03-01 03:00:00,17.27630988310308,0.6977733211394079,46.97473780552604,1.7103565337078241,66.48429861849097,61.63060088645418,2.6220523219978746,50,3,2
2004-03-01 04:00:00,17.048010791563954,0.7022261343023328,47.40854212544509,1.7433095246528896,65.76084908244317,61.318483672840394,2.6186970336893998,50,4,2
2004-03-01 05:00:00,16.738902265542677,0.7244599872475228,48.30825155426765,1.9095233859449177,64.96991043203371,60.13748048378778,2.6150267334035826,50,5,2
2004-03-01 06:00:00,16.495670742587247,0.7867715003718103,49.25027801102073,2.0379522263876706,66.28841254799265,58.95846860843741,2.612823636840724,51,6,2
2004-03-01 07:00:00,20.80532292657158,1.9627513752655872,40.31390422609615,4.377869440191066,143.65219228737453,84.74841119704705,2.654064936608558,51,7,2
2004-03-01 08:00:00,21.57236724137931,2.08290613938189,39.521132654127484,4.851879311176422,207.14708463949844,158.06426863277008,2.663570875130617,51,8,2
2004-03-01 09:00:00,22.776258683255573,1.6075059722970568,37.866937843442194,3.5916991818215354,265.2499740798341,154.03436357242126,2.6770597667185068,51,9,2
2004-03-01 10:00:00,23.601949844881077,1.5677369936666765,37.267176499482936,3.4729918075988704,310.1137331954498,203.69445584539008,2.6853395579110653,52,10,2
2004-03-01 11:00:00,24.318282928118393,2.0604790495203473,37.0938633192389,4.368119624112283,461.9319027484144,336.442606330963,2.692991820824524,52,11,2
2004-03-01 12:00:00,25.337870206489676,2.5118374098526792,36.39146873156342,5.178947831256559,595.0399141861088,419.9192016579176,2.7060438482166798,52,12,2
2004-03-01 13:00:00,25.473880660377358,3.1792830581056624,36.94436881551363,6.367411116362613,703.8819706498952,468.7210514384231,2.7078813522012575,52,13,2
2004-03-01 14:00:00,24.58747972665148,3.371087234071211,38.69971065553025,6.852036581547979,429.53032649962034,321.457825874829,2.699207868893951,52,14,2
2004-03-01 15:00:00,24.718144947014732,3.0729655995953147,37.49261075213233,6.369851147790485,336.704781597312,224.5256033757305,2.7011526079090205,52,15,2
2004-03-01 16:00:00,24.499912480335606,3.123292125054563,37.06407312532774,6.310405034179151,309.47555322496066,209.8086410000445,2.698803468799161,52,16,2
2004-03-01 17:00:00,24.74614040712468,3.1073464630839087,36.26006755725191,6.284286084021563,233.4550330788804,196.19513377201085,2.6997044732824427,52,17,2
2004-03-01 18:00:00,22.032942871768622,1.23790815418176,40.58457187100077,2.8407683267690538,121.9633427181981,122.46785319102574,2.6731096211927308,52,18,2
2004-03-01 19:00:00,21.143753846153846,0.6602504627538844,41.308714181057034,1.767645372061138,118.7619623233909,135.24010271003698,2.6637173731030876,52,19,2
2004-03-01 20:00:00,20.46560569785677,0.791191090903896,41.59088672242551,1.7250786726237508,94.50907997909043,87.92125958669052,2.656105052273915,52,20,2
2004-03-01 21:00:00,20.017729892692895,0.8541496488094935,41.930719289729176,1.8162146351867579,106.3242871742463,114.81148755386823,2.6492772125702606,52,21,2
2004-03-01 22:00:00,19.337533213644523,0.9286631073591672,42.451139215183375,1.9949324958118393,111.39668632982816,128.6854374483943,2.64061039240831,52,22,2
2004-03-01 23:00:00,18.942727746741156,0.9603507904386205,42.86904924181963,2.1907810282402584,94.84137802607076,89.55869968469202,2.6371090529396115,52,23,2
2004-03-02 00:00:00,18.374486330178758,0.9960458877900965,43.18764403259727,2.2873165624191496,82.19005257623554,64.05992696001046,2.631393280757098,51,0,3
2004-03-02 01:00:00,17.858021549213746,0.8501382434016592,43.400967210250435,2.0652102995269956,1.190460136924869,1.17637477941182,2.627951214327315,46,1,3
2004-03-02 02:00:00,17.501407645170705,0.8373705536995202,43.914649606069446,2.1650020552029376,1.191275167785235,1.1988729294987328,2.62301610738255,46,2,3
2004-03-02 03:00:00,17.17310704898447,0.8703875662351457,44.530831690561534,2.4002534955786703,1.3676344086021506,1.4705024826208624,2.6166210334528075,47,3,3
2004-03-02 04:00:00,16.804508170239203,0.9005505380264918,45.12947847157503,2.4559481763699442,1.1669338303821062,1.150568432610017,2.610215191053122,45,4,3
2004-03-02 05:00:00,16.55329874745121,0.9433915365637229,45.47896399650451,2.5067137219770066,1.1729799009612585,1.1752869033766136,2.6081943227497812,45,5,3
2004-03-02 06:00:00,16.3910809279741,0.9813482258771282,45.71231335311573,2.5389045110457924,11.213747084111143,17.38203205981429,2.602602546533585,51,6,3
2004-03-02 07:00:00,22.470489687995773,2.3832159576290315,34.33027263352724,4.238550121365763,434.32708619777895,383.0571699109377,2.662499841353781,51,7,3
2004-03-02 08:00:00,25.64251101871102,2.3986041668654097,30.012144126819127,3.765749337649509,804.8498544698544,497.9651984012522,2.6959902884615388,51,8,3
2004-03-02 09:00:00,26.195559470869686,3.162823831599035,29.531119251336897,5.013771046433972,970.987627357163,549.5684263739543,2.703032955249085,51,9,3
2004-03-02 10:00:00,24.77411586874664,3.1078806318321734,31.27984561592254,4.90203911053249,1046.3116944593867,601.1806852044402,2.690817538999462,51,10,3
2004-03-02 11:00:00,24.043398817839872,2.4286187863285416,30.84223371843095,3.770373689073655,1033.3028694250402,624.5446811811443,2.682587813003761,50,11,3
2004-03-02 12:00:00,24.62234955654102,2.553778808404634,29.02306360864745,3.674462924960893,1022.5952993348114,626.5246588471808,2.6897123392461197,51,12,3
2004-03-02 13:00:00,24.6332747668678,2.3464049645166702,28.08911840373012,3.369433634161149,1000.9085244103127,591.642351347316,2.691250713110258,51,13,3
2004-03-02 14:00:00,24.462756531468532,2.2313541293147328,27.88708718881119,3.237677553909997,954.3006881118881,555.8093843807668,2.689026458741259,51,14,3
2004-03-02 15:00:00,24.223735473159934,1.936443127816067,28.314603292750412,2.9575857955572826,816.9274156059766,561.2276251315118,2.685535163254012,51,15,3
2004-03-02 16:00:00,23.754772661870504,1.6767281424337146,28.74122939829954,2.7326107801326986,656.5502681491171,554.9572395639593,2.6825044244604315,51,16,3
2004-03-02 17:00:00,22.535982403433476,1.2642645996798443,29.878442857142854,2.436056948058142,448.82462293071734,474.72001732330114,2.669596701410178,51,17,3
2004-03-02 18:00:00,22.1920724875812,0.9024799470020117,29.786711463507835,1.9002602224333287,180.43873519296903,273.2344407218196,2.660852059610241,51,18,3
2004-03-02 19:00:00,21.77470803474484,0.6966999870324941,29.833413246471228,1.7246737515889674,131.42177524429968,151.51089734873685,2.6565855076004343,51,19,3
2004-03-02 20:00:00,21.28934537611216,0.6682958300361402,29.901658263682933,1.681366248181201,120.07265031005663,129.51560022245852,2.6507696791588033,51,20,3
2004-03-02 21:00:00,20.790084472389285,0.6523681748386099,29.995414844177144,1.7270805583830404,113.4752597047567,114.90138988158282,2.6438677556041554,51,21,3
2004-03-02 22:00:00,20.30173754686663,0.6826335648278685,30.2370059453669,1.630347335485009,109.8711355115158,113.44065903813788,2.6385955222281736,51,22,3
2004-03-02 23:00:00,19.95220663788451,0.6505709060712523,30.228353939557476,1.4888361717794143,129.85567191316784,153.679149667678,2.635470221262817,51,23,3
2004-03-03 00:00:00,19.735711616702357,0.6245743971097332,30.051308886509638,1.3961915905881768,118.94448075754818,129.11288103207232,2.6322837419700216,51,0,4
2004-03-03 01:00:00,19.374224266365687,0.6287596156110014,30.03344184537246,1.3799176655608427,61.39221783295711,123.86874754510669,2.629479243792325,51,1,4
2004-03-03 02:00:00,18.74655849633252,0.6425555891797631,30.090301711491442,1.3434428838661003,1.350336185819071,1.5112989740188942,2.6216142512224936,44,2,4
2004-03-03 03:00:00,18.298043346964455,0.6383980405245783,30.28172724127084,1.346030693536511,1.387813777917584,1.5370192874661504,2.615295570934256,44,3,4
2004-03-03 04:00:00,17.914287097781944,0.6777836708615947,30.657980724773505,1.3859931373027163,1.2864479850046862,1.3897074010368913,2.610311162136832,44,4,4
2004-03-03 05:00:00,17.765175334143375,0.6053780187486534,31.051618226002432,1.27958801633043,1.3080437758809234,1.4475180528993707,2.609522891859052,46,5,4
2004-03-03 06:00:00,17.833264935064935,0.5254480369011416,31.777486853962362,1.226193181963225,17.496141264723033,26.661588967747374,2.6080417731248344,51,6,4
2004-03-03 07:00:00,24.54941707060063,2.6219742756860533,24.209603371970495,3.1029313967874215,456.9295363540569,392.7569821337425,2.6718558061116964,51,7,4
2004-03-03 08:00:00,27.21119057792386,2.8564901122495896,22.435975403998903,3.641243218924275,819.3125390304026,472.2510941588562,2.7021172226787185,51,8,4
2004-03-03 09:00:00,25.268292685619652,3.7712034672643084,25.292566961081977,4.668835798382416,907.0874965498206,522.8030647710059,2.683904998619928,51,9,4
2004-03-03 10:00:00,25.856691507607195,4.0673366943198745,25.44479482710927,5.02373459499615,1009.6087634854771,563.0098327959253,2.6896294661134164,51,10,4
2004-03-03 11:00:00,24.84445678945953,4.096214847340073,27.304730384511966,5.402704057369681,514.0848184995966,385.06891414385655,2.6809491099758,51,11,4
2004-03-03 12:00:00,24.40268817381738,3.926430053465489,28.394690209020904,5.553726066736118,511.2042244224423,365.33443829891445,2.6769164328932895,51,12,4
2004-03-03 13:00:00,24.80016987143656,3.9269813003550835,29.289934656232532,5.727853456349233,451.1980324203466,307.5492224096722,2.680281959195081,51,13,4
2004-03-03 14:00:00,24.506500300957594,3.8104401881133536,30.820978850889194,5.871235665743841,272.6547742818057,164.04672035513073,2.6779436279069766,51,14,4
2004-03-03 15:00:00,24.832898311652364,3.7207459299632126,30.605212953224466,5.6996431290751515,382.5529587600332,319.20268180404537,2.681208513700526,51,15,4
2004-03-03 16:00:00,25.09193220823799,3.7459919181343397,30.752801086956524,5.742696918750641,655.42,475.7229047546008,2.6834241962242564,51,16,4
2004-03-03 17:00:00,24.92219726761318,3.7346412785409053,31.457060728636485,5.970703785116932,343.6107581034021,328.7851907500996,2.6813733404768283,51,17,4
2004-03-03 18:00:00,23.25181858574912,1.3441072852518037,33.89884643727987,2.729454501616736,93.66782137637496,72.49520820977017,2.6617000731509077,51,18,4
2004-03-03 19:00:00,22.424423760275786,0.7635704554477134,35.241094935030496,1.9572653577357326,99.53053301511535,84.12380982912464,2.6534243754972153,51,19,4
2004-03-03 20:00:00,21.88236484375,0.737994688189047,35.69484489583333,1.8500138902669376,107.25127604166667,77.71874441861229,2.648015583333333,51,20,4
2004-03-03 21:00:00,21.302883605600936,0.8113599140990289,36.334200758459744,1.9880770748887477,108.15542007001167,73.3839939495531,2.643251102683781,51,21,4
2004-03-03 22:00:00,20.865077842003853,0.8690896540520933,36.815033828791634,1.9878894014683262,108.00529039361409,74.75466298334122,2.6375229865125243,51,22,4
2004-03-03 23:00:00,20.267994810379243,0.8552387630621954,37.58510225263758,2.138303009834856,57.91187919321357,78.72135849861381,2.6300799287140006,51,23,4
2004-03-04 00:00:00,19.566133701657456,0.9007496873074308,38.71138930939227,2.392400483658037,41.3827182320442,57.74848585341558,2.6203889502762427,49,0,5
2004-03-04 01:00:00,18.976432815964525,0.920482128567149,39.69040497307571,2.604527076255491,1.5117199873297433,1.7532947764211229,2.612510934431422,45,1,5
2004-03-04 02:00:00,18.482704827586208,0.8586864479195468,39.95503763546798,2.345646652612372,1.430456486042693,1.5939090561670317,2.604832581280788,44,2,5
2004-03-04 03:00:00,18.160645950204852,0.83003803508704,40.10937888433659,2.2294070440216713,1.59745981720769,2.1986751087784127,2.5995105326189725,45,3,5
2004-03-04 04:00:00,17.803772949002216,0.8550781529164531,40.425172157111184,2.3144522012183337,1.7566550522648083,2.4405331881592924,2.594747589483687,44,4,5
2004-03-04 05:00:00,17.54772157960199,0.8447442413688091,40.62457615049751,2.287257050017017,1.4502300995024875,1.886765615610699,2.5909536847014927,44,5,5
2004-03-04 06:00:00,17.299241258351895,0.9398252098412119,41.206838613585745,2.4054611488294673,18.95169824894209,28.00450248572935,2.591471829064588,51,6,5
2004-03-04 07:00:00,23.033672576325657,2.4173744437863065,31.42342420996251,4.0450877917176555,414.9754365291912,377.7235483409701,2.64666506695233,51,7,5
2004-03-04 08:00:00,25.152394323607428,2.7518086573457885,28.771794588859414,4.524802575838892,745.8652307692307,498.8912023768119,2.6683437957559684,51,8,5
2004-03-04 09:00:00,25.328602082221035,3.76735464544292,29.34559321943406,5.853079312153335,944.2839722370528,559.7879815058752,2.6704772770955687,51,9,5
2004-03-04 10:00:00,25.139167362428843,4.085289156162046,29.553588289509353,5.876131067529996,967.5362428842504,594.0857914322222,2.668753486039577,51,10,5
2004-03-04 11:00:00,25.571395620437954,4.43930510604611,29.201306920789403,6.222281977136018,995.5583887537172,611.5732310137439,2.6736980346039467,51,11,5
2004-03-04 12:00:00,25.975805157131347,4.570328401264609,29.142778753693257,6.459396069496751,993.2916035455277,607.9444476355892,2.67671425463336,51,12,5
2004-03-04 13:00:00,25.992410682178743,4.501646403316686,30.244988736118454,6.685249062408775,894.7090005288208,572.4363366805898,2.678041575885775,51,13,5
2004-03-04 14:00:00,24.48405225554107,2.43851863987936,32.884958644067794,4.822328695551504,818.5356349413299,565.4469985391604,2.6635032777053453,51,14,5
2004-03-04 15:00:00,23.715503896103897,1.7887207423765248,34.79458367346938,4.104432192684034,731.0242459581235,567.214554485557,2.6564354280413465,51,15,5
2004-03-04 16:00:00,22.86841798804263,1.4037504262540164,36.6710740577073,3.4117485502255933,624.5319677670913,511.35038507264045,2.6470556771510267,51,16,5
2004-03-04 17:00:00,21.831343456854107,1.2295431458902064,38.337911427831045,3.0546378189572976,332.4270640062192,333.4051238032914,2.6366930551956465,51,17,5
2004-03-04 18:00:00,21.87772041744715,0.7404359437967671,38.026481268397106,2.222652762768097,93.6333261974846,76.28418724232088,2.6345646320578004,51,18,5
2004-03-04 19:00:00,21.433278010328895,0.6413680086635082,38.67245148138081,1.9389067542657037,99.82625169883121,76.87899195258895,2.629430641478663,51,19,5
2004-03-04 20:00:00,20.963747418899857,0.7460221051755339,39.1749015796897,1.9095460838586995,118.9918138222849,102.75808096341422,2.6240642115655852,51,20,5
2004-03-04 21:00:00,20.671475034867502,0.7024099123762181,39.35636878661088,1.8359599005728766,107.44676150627616,92.03200042154195,2.619655662482566,51,21,5
2004-03-04 22:00:00,20.415456505786057,0.6663872774337297,39.4320155235676,1.7585223197852657,110.9502342647474,96.55995851255452,2.616543587355349,51,22,5
2004-03-04 23:00:00,20.155513995943203,0.6829168761678043,39.599017878875685,1.8018144475385003,105.49702115328891,89.10055975064074,2.612446853086062,51,23,5
2004-03-05 00:00:00,19.888308705483325,0.6730834167982972,39.82851387789712,1.8087995234062366,103.78135669869984,87.54798276907728,2.6076819785189373,51,0,6
2004-03-05 01:00:00,19.599640770101928,0.6015208736161707,40.032139750849375,1.6223367171949221,104.00870894677237,87.92501828467533,2.6041152463193655,51,1,6
2004-03-05 02:00:00,19.289739250493096,0.6231414334235336,40.22918816568047,1.5960043511590216,92.18340377571147,92.72049915165417,2.5993076303183993,51,2,6
2004-03-05 03:00:00,18.84040318634424,0.6878930372861816,40.475623328591745,1.621380625262625,84.84611664295875,95.39986215071633,2.593676082503556,51,3,6
2004-03-05 04:00:00,18.511604257734884,0.696116877644352,40.58810488220267,1.67432520345056,83.32332671019019,93.87966311308769,2.590685515185921,51,4,6
2004-03-05 05:00:00,18.354960764754782,0.6337984839351095,40.66732660016625,1.600534168941637,83.0445940703796,94.1427374282537,2.5867642698808537,51,5,6
2004-03-05 06:00:00,18.384147699214363,0.5668585252844501,40.70952516835017,1.4491672504584852,104.36875982042649,100.79017732730179,2.5867196885521886,51,6,6
2004-03-05 07:00:00,24.21221108597285,3.0637600412777997,31.57232833710407,5.052022716752183,499.8017081447964,399.65653406909973,2.643392700791855,51,7,6
2004-03-05 08:00:00,25.285148073022313,3.5830728602288606,31.031318516372064,5.933160357267062,852.6163314981164,539.9108190808613,2.657466398145465,51,8,6
2004-03-05 09:00:00,24.09243504740017,3.7572622612887607,33.47002622809538,6.062101799464709,910.164642344154,530.5741351296326,2.64527114622235,51,9,6
2004-03-05 10:00:00,24.22375825988058,3.732862521470069,34.18933471708843,6.274022690788241,873.338185953938,494.2606142719503,2.6459384901905034,51,10,6
2004-03-05 11:00:00,23.110307370184255,2.550112439405804,36.29880187046343,5.0712672809950785,791.9597319932998,510.2293862540567,2.635795753768844,51,11,6
2004-03-05 12:00:00,22.82439513830679,2.053069712752277,37.24184462140263,4.47573871940651,841.946778429729,528.6963953595381,2.6326364599050014,51,12,6
2004-03-05 13:00:00,23.65673240766454,2.4140079582389773,36.44262552068869,4.985564884711454,1017.5843821160788,586.3067421762665,2.6384813496251045,51,13,6
2004-03-05 14:00:00,23.623100910064238,1.8094085699359594,37.31157920235546,4.104013023354005,1009.7197002141327,559.7442498866737,2.6389825508565314,51,14,6
2004-03-05 15:00:00,23.52061150583245,1.4857217806539675,38.19956010074231,3.5834464041491496,904.5882926829269,552.7246458082465,2.638542921527041,51,15,6
2004-03-05 16:00:00,23.203448824130877,1.3263473941738715,39.31576088957055,3.2350845210404584,793.7864417177914,528.6578546367739,2.635282717280164,51,16,6
2004-03-05 17:00:00,22.38507288866345,1.107504038138516,40.83138293177784,2.959256211446996,426.16999239158,371.26759951098734,2.626276632006087,51,17,6
2004-03-05 18:00:00,22.1854901626646,0.6143329941280828,40.74086411050865,1.9157984127143848,121.21124709527498,100.07116581824265,2.624088262328944,51,18,6
2004-03-05 19:00:00,21.789661482254697,0.5114811448567026,41.06816925887265,1.60888333528465,114.11205114822548,94.51757312209246,2.6198508689979123,51,19,6
2004-03-05 20:00:00,21.325509346524345,0.4759107472986796,41.49844553501692,1.466446447825514,117.66502994011977,100.92480776602832,2.6143155115855246,51,20,6
2004-03-05 21:00:00,20.82018765495868,0.47174506386696635,42.17341717458678,1.432071071446152,105.97867768595042,87.59110420138697,2.608512456095041,51,21,6
2004-03-05 22:00:00,20.4814025,0.4583916450748507,42.47334571428571,1.3533803245485903,110.60054591836735,92.67871720419912,2.6038819642857143,51,22,6
2004-03-05 23:00:00,20.263164172219373,0.45269396006511836,42.677298872373136,1.3306519748948145,114.85865197334701,95.02657433376302,2.6004083290620192,51,23,6
2004-03-06 00:00:00,19.799058093011173,0.4977078722967444,43.46306604312809,1.4169999157846451,77.85389451805665,66.57923715229852,2.596224024421928,51,0,7
2004-03-06 01:00:00,19.367517440335693,0.4919697045998088,44.12961243115657,1.4104016684147975,69.25467086283766,59.67625615006453,2.590683608707055,49,1,7
2004-03-06 02:00:00,19.16251959247649,0.4978353965222387,44.48730373563218,1.4174972912945702,70.55256008359457,59.33889132651303,2.5875173354231973,49,2,7
2004-03-06 03:00:00,19.04352488088936,0.49590563853438363,44.63745235574378,1.4021405426265896,75.73100052938064,72.48353114040057,2.584832636315511,49,3,7
2004-03-06 04:00:00,18.926997581295353,0.5046687119508236,44.76201209352324,1.405008405176677,72.57479709755442,61.45810987735236,2.582768634775598,49,4,7
2004-03-06 05:00:00,18.72283924887596,0.5265916677399861,45.08011063210791,1.4240740804712555,69.91403861412324,59.878202394682944,2.5800622639513358,49,5,7
2004-03-06 06:00:00,18.44777531185031,0.5365739108478896,45.485721699584204,1.4357418210633184,97.01924641902286,73.81334279161561,2.57609643970894,51,6,7
2004-03-06 07:00:00,18.880323787289235,0.8687175320106163,44.61433857328145,1.8225996622107632,492.80044617380025,382.9754759357956,2.580993600518807,51,7,7
2004-03-06 08:00:00,20.909120967326988,1.75709706273579,40.94803164394135,3.594056885889342,891.1649704142011,524.1313865081908,2.6000637689735013,51,8,7
2004-03-06 09:00:00,22.707916506867065,2.0587238395048004,38.05292801243845,4.248523256486032,986.396392847888,564.2461759793846,2.6176174552993,51,9,7
2004-03-06 10:00:00,24.372227848101264,2.3218796950496152,35.94923296305864,4.58417900211249,1085.916569361922,572.7876388325694,2.633656504779127,50,10,7
2004-03-06 11:00:00,25.305250095082858,2.3744380281517663,34.99570100516164,4.641432833717328,1067.727856560717,586.8186797399491,2.6416103803314317,49,11,7
2004-03-06 12:00:00,26.062818600953893,2.4263472951529566,34.07352095919449,4.605641533576501,1061.9813036565977,584.6793102445458,2.6507250768415473,49,12,7
2004-03-06 13:00:00,26.64793985867574,2.1650397841440734,33.346870164878304,4.097318145410635,1062.215001308558,567.1676014804077,2.6566898377388117,50,13,7
2004-03-06 14:00:00,26.693794896907214,1.71314105551664,33.52999652061855,3.3812401206821328,1023.1338969072165,537.0424170950442,2.6588829742268043,50,14,7
2004-03-06 15:00:00,26.79394046702592,1.676956519968116,33.47590477290223,3.120491415743155,847.6800205286117,531.4670678171195,2.6601150885296385,51,15,7
2004-03-06 16:00:00,25.868771706817014,1.5955419385337986,35.098728575089694,2.995685039685697,580.3408098411071,402.19302986838267,2.650645717580728,51,16,7
2004-03-06 17:00:00,25.210791329787234,1.6171064455396045,36.42509845744681,3.1272115457986884,340.1766063829787,258.96065241746265,2.6431670877659577,51,17,7
2004-03-06 18:00:00,23.740646299710296,0.914032914830866,38.99302665262049,2.0645604275881437,103.95176191730314,104.00619713125347,2.6288790044772186,51,18,7
2004-03-06 19:00:00,22.864680693459416,0.7162694947977958,40.58987378513265,1.8378423219063693,110.08753349093774,112.23893586498356,2.620293036511689,51,19,7
2004-03-06 20:00:00,22.338413583509514,0.6557710566235884,41.480426506342496,1.7832816405268037,104.71394291754757,108.90389289895282,2.6141766622621567,51,20,7
2004-03-06 21:00:00,21.88706093189964,0.6468814391423336,42.06643694316436,1.7899257993862094,103.66746543778801,106.6792134653448,2.607558822324629,51,21,7
2004-03-06 22:00:00,21.502989017051153,0.6181020017315118,42.47190323470411,1.756622890373392,105.39098294884654,107.52160133893469,2.6041054187562684,51,22,7
2004-03-06 23:00:00,21.06134299741602,0.6180697741129743,43.12535713178294,1.8354161999841399,108.76587080103359,112.07093603795647,2.5985387364341084,51,23,7
2004-03-07 00:00:00,20.734618259342863,0.5877866669875069,43.32204293955355,1.7452217877943796,103.90081264108352,107.58356477303695,2.594223521444695,51,0,8
2004-03-07 01:00:00,20.351005140309468,0.582407430790951,43.561059769210594,1.6047017032958069,75.6011749278783,113.98508344396313,2.5890618830317336,51,1,8
2004-03-07 02:00:00,19.979133831775698,0.5991404892741664,44.03818694259012,1.6048402147221335,77.9084005340454,114.0394511651138,2.5882883017356475,50,2,8
2004-03-07 03:00:00,19.77251486238532,0.620267930813475,44.156591323722154,1.6368038267419878,77.0394495412844,113.61473650886133,2.5859042568807338,50,3,8
2004-03-07 04:00:00,19.547201054574213,0.6438204139188406,44.32242030055365,1.7025287639221574,78.0212391247034,115.21680238186313,2.58217056156077,50,4,8
2004-03-07 05:00:00,19.31180831334932,0.6648366100277773,44.55474327204902,1.781687781064078,76.96720490274447,113.13923329203374,2.5779298960831336,51,5,8
2004-03-07 06:00:00,19.096949648241203,0.6629189901881157,44.73279861809045,1.7774929143186202,98.18134173623116,116.59958445271796,2.5701682889447235,51,6,8
2004-03-07 07:00:00,19.770070917973772,0.9764758643840149,43.377384057598356,2.1237314087715355,526.0829210593982,423.15684158275843,2.578615230136282,51,7,8
2004-03-07 08:00:00,21.873938437418342,1.7969418875635925,39.89198845048341,3.846714344237197,841.0530859681213,561.9209848081498,2.5975801724588448,51,8,8
2004-03-07 09:00:00,23.748252852697096,2.2863756216523594,37.52128667012448,4.864932376672028,985.6960165975104,582.5747382702631,2.615589424273859,50,9,8
2004-03-07 10:00:00,25.09613837865572,2.4614477021924084,36.39238450487429,5.107717224053131,1020.10487429451,605.319800784264,2.6283736685479733,50,10,8
2004-03-07 11:00:00,26.013967361492046,2.4617098998661597,36.00466376851344,5.182333750847145,1006.2963027975863,610.3290513077983,2.6373581047723533,49,11,8
2004-03-07 12:00:00,26.967838986249664,2.630877187089842,34.62507724454031,5.073136387954975,1007.0847344297654,617.0896182055758,2.6478390752224317,50,12,8
2004-03-07 13:00:00,27.937972286012528,2.4592172019980536,31.921607019832987,4.251313734119139,999.0402922755741,592.8503096091572,2.6580048225469732,50,13,8
2004-03-07 14:00:00,28.484565678948726,2.1582939977775184,31.503718010821952,3.9214479987032833,896.2947693893326,535.4379434852042,2.6643887606287042,50,14,8
2004-03-07 15:00:00,28.40815189873418,2.0907909668027562,32.266732213898216,3.8184486553458203,764.0881632653061,494.8952781792783,2.6651460165331957,51,15,8
2004-03-07 16:00:00,28.049021965614575,2.296973616450896,32.996938722093915,4.086068019510763,595.3998255068001,431.0916185489244,2.662197303053631,51,16,8
2004-03-07 17:00:00,27.06996126706155,2.057247468880675,34.707322997682205,3.8190470664565592,324.75052279165595,292.30791365647735,2.650558472830286,51,17,8
2004-03-07 18:00:00,25.4866101216545,1.2377881957967092,37.285981970802915,2.6772156380091374,104.60455961070559,110.37891824409294,2.634427510948905,51,18,8
2004-03-07 19:00:00,24.467853303867404,0.9569116100220785,38.8047195801105,2.241844983016211,98.13502762430939,104.11296728113867,2.6251241127071823,51,19,8
2004-03-07 20:00:00,23.8076311790393,0.8603998036976813,39.735158886462884,2.1022763771036193,99.42970305676856,105.4847771527354,2.6184269082969434,51,20,8
2004-03-07 21:00:00,23.338568978506537,0.8004382126020098,40.31453753600709,2.018012699824685,100.92948371371594,107.02779495872642,2.6129338954132506,51,21,8
2004-03-07 22:00:00,23.07226408481177,0.7418639143171156,40.47748844655993,1.8784748265288167,99.8672739073994,104.65751726457647,2.6094211813067933,51,22,8
2004-03-07 23:00:00,22.775626690079015,0.7307205769689221,40.645912423178224,1.8741751633409636,99.01166812993854,104.3373949073542,2.605231424495171,51,23,8
2004-03-08 00:00:00,22.445158847184988,0.7127290865884476,40.78933632707775,1.7682430096986383,98.80596514745308,104.76080429418424,2.6011002636282394,51,0,9
2004-03-08 01:00:00,22.130247521739133,0.6829055876966206,40.94740741304348,1.6927033221919494,97.6876,102.18214761118298,2.597576484782609,51,1,9
2004-03-08 02:00:00,21.8590057816322,0.6870799962764906,41.18588676895708,1.6968403889166543,99.02244162775183,104.66106551396051,2.5926642494996663,51,2,9
2004-03-08 03:00:00,21.585339494294026,0.7072458555339385,41.43404652047438,1.6500679128083502,99.07765943164019,105.307466662184,2.587513598120385,51,3,9
2004-03-08 04:00:00,21.35054890288942,0.7473111912003255,41.635453334781666,1.6082822049002923,98.46228546600044,103.9908019976815,2.5835213491201388,51,4,9
2004-03-08 05:00:00,21.131974613003095,0.8176136248721304,41.91458779301194,1.6449266465767094,98.1633082706767,103.5534033616418,2.5808608160106146,51,5,9
2004-03-08 06:00:00,21.050506937693328,0.8655620300086789,42.286649602297835,1.5776360749348244,128.69734865223154,113.53677906998944,2.579883959346001,51,6,9
2004-03-08 07:00:00,24.36222753525856,3.022187648015059,37.61971766286098,5.476762004769088,598.1270740989479,404.6966164330556,2.612927774792926,51,7,9
2004-03-08 08:00:00,25.12445904173107,3.965553059664347,37.945240141311544,7.013588929631006,943.0014219474497,513.8901098502131,2.620856888937955,51,8,9
2004-03-08 09:00:00,25.966643781094525,4.458178748548209,37.6965398246861,7.871367071681705,1052.0292632077706,542.9868697281785,2.6287449846008055,51,9,9
2004-03-08 10:00:00,24.695254979466117,4.213011506058115,40.922739168377824,8.4009052470035,1104.7358110882956,546.1828683392357,2.6167694378850106,51,10,9
2004-03-08 11:00:00,24.093705534858966,3.217818021225402,42.16809819052687,7.004624302044607,1134.8324853645554,575.4665412622816,2.608123046833422,51,11,9
2004-03-08 12:00:00,24.223086314683478,3.215655587500687,41.66340654058313,6.908511518121625,1121.9911111111112,585.446348342885,2.6088253874441816,50,12,9
2004-03-08 13:00:00,24.371164386369458,3.2127776521453146,41.071405329233926,6.713315891633435,1070.7989136561619,572.8446409881257,2.610528852165001,51,13,9
2004-03-08 14:00:00,24.260700504380143,2.9886228499321885,40.347198646137514,5.893435295837204,1026.7678683302363,549.4089366178684,2.608100613220069,50,14,9
2004-03-08 15:00:00,24.094131871574003,2.8842162204256887,40.05122140433307,5.243659067134886,885.5803288958496,543.0425898450173,2.6040852832158707,51,15,9
2004-03-08 16:00:00,23.791970656753406,2.9315991117171754,39.9332766047088,4.787715817242735,744.2095464684015,527.5761353804515,2.601073199504337,51,16,9
2004-03-08 17:00:00,22.934446497764533,2.9106166597593206,40.96839987580725,3.8559567426032237,473.2250571286637,430.8299670499751,2.591385909090909,51,17,9
2004-03-08 18:00:00,24.62443527638191,3.1319737077822927,37.2281340201005,2.667358702467406,151.33630150753768,159.98048925898172,2.605020050251256,51,18,9
2004-03-08 19:00:00,25.006551557788946,2.8532597141508456,35.61647826633166,2.017690039167777,127.82903015075377,112.84704271701791,2.610402474874372,51,19,9
2004-03-08 20:00:00,24.91926836288872,3.4644121405310595,35.41858218966846,1.8611340447779128,118.64819840657928,118.23540910918412,2.6074546003598047,51,20,9
2004-03-08 21:00:00,24.26953038073038,2.171519657345978,35.46806521626522,1.6755205975867407,95.26229474229476,122.40331644232492,2.607818021238021,51,21,9
2004-03-08 22:00:00,23.764797261774373,0.6274715300579893,35.551454025191674,1.5930682978341437,87.19380613362542,114.6136397136363,2.6047478970427163,50,22,9
2004-03-08 23:00:00,23.47674661921708,0.6286381367309644,35.50076892964687,1.6132504167256865,88.86373939228031,120.1034255736883,2.600475349028196,50,23,9
2004-03-09 00:00:00,23.172627363858034,0.5959578943121836,35.604649092386886,1.606147853967174,86.96318070983473,117.59635085209322,2.597873641289623,50,0,10
2004-03-09 01:00:00,22.83618564427789,0.5698115288798292,35.83837616027674,1.5450246566117554,42.6281695012972,91.14541658777244,2.5910027846641683,50,1,10
2004-03-09 02:00:00,22.37085906080674,0.5089780606989741,36.20743934376882,1.419149127956492,1.2423600240818784,1.4826859317605512,2.583512043949428,42,2,10
2004-03-09 03:00:00,21.991673134806277,0.4969800585623045,36.454894684598145,1.4102499684390342,1.2431636247198208,1.4610785490141953,2.5791606436119117,42,3,10
2004-03-09 04:00:00,21.590696892834497,0.4894204377692999,36.94283018389347,1.358858986611636,1.234153455928979,1.4892290090718923,2.575359166138237,43,4,10
2004-03-09 05:00:00,21.402105784615387,0.4596832684221184,37.18736030769231,1.3579799223109654,1.148443076923077,1.3505544752331353,2.57211348,44,5,10
2004-03-09 06:00:00,21.312674649006624,0.4432383750274299,37.83700241059603,1.4170546895446918,36.388296922278144,68.83209729189,2.5759106649006625,50,6,10
2004-03-09 07:00:00,22.91512216358839,2.9135790088538234,36.29717751978892,5.3343733651398235,512.6766754617414,445.8919677047137,2.592884530343008,50,7,10
2004-03-09 08:00:00,23.43527213811421,3.4568764302086463,36.38887824701195,6.129436613133602,876.783213811421,551.9675013800959,2.597322897742364,50,8,10
2004-03-09 09:00:00,22.750749655172413,2.5464373333259878,38.62963294429708,5.147271248851303,1024.9776127320956,565.4514840043059,2.5906148938992044,49,9,10
2004-03-09 10:00:00,23.006201303285366,2.340959730785798,39.46955370621775,4.952813306944108,1056.8844094488188,586.1181788512454,2.5922563915286454,49,10,10
2004-03-09 11:00:00,23.246481341495876,2.4565522621171327,40.788670375299446,5.506273309178433,1069.578237955816,612.4630470805349,2.593615312749534,48,11,10
2004-03-09 12:00:00,23.41596429708223,2.507021501196066,41.90407989389921,5.692483056066317,1060.3261114058355,610.9357815099804,2.5951507135278513,49,12,10
2004-03-09 13:00:00,24.230274851911684,2.280620513489169,41.01704437264405,5.2310261376588745,1063.375336564351,591.8775999879767,2.602571152396338,49,13,10
2004-03-09 14:00:00,23.466729759704254,2.120845262213526,43.49726118299446,5.259092437552622,1005.9469976234486,557.2946129352937,2.5963268418273038,49,14,10
2004-03-09 15:00:00,22.953170568031705,1.8211463350796726,44.65686969616909,4.776612335830852,882.3337173051519,572.749394273393,2.5909439022457064,50,15,10
2004-03-09 16:00:00,22.514269629629627,1.5930482065017808,45.69390486772487,4.431491544810922,711.7694391534392,533.0989551436334,2.5856892354497356,50,16,10
2004-03-09 17:00:00,21.69750990990991,1.3822242894036472,47.450735418275414,4.2182380131768245,417.823268983269,390.35932710358964,2.576837137709138,50,17,10
2004-03-09 18:00:00,22.902561234991424,0.9105422525093195,44.452957387895125,2.602745007360149,125.35806422695417,150.71677009286705,2.5859659176672385,50,18,10
2004-03-09 19:00:00,23.198966378918676,0.6305788957199138,43.84894193548387,1.9157876341764686,112.24355293048615,135.51944402383037,2.5895198273512037,50,19,10
2004-03-09 20:00:00,22.98135713307464,0.5969279844568885,43.93287187856654,1.7997201330219113,107.09999086966447,125.8514621072018,2.5870675827436656,50,20,10
2004-03-09 21:00:00,22.68352101481814,0.6385956427620314,44.328032599910195,1.8610452503693764,92.0001032779524,81.40223318258909,2.5838593578805567,50,21,10
2004-03-09 22:00:00,22.61121351981352,0.6105718820051488,44.2362658041958,1.7880293491126487,104.4491655011655,115.97918766151746,2.582654561771562,50,22,10
2004-03-09 23:00:00,22.503250218843586,0.5859816168795774,44.18431287721723,1.753339603502331,110.7357014512785,131.14633284980334,2.5806734738539507,50,23,10
2004-03-10 00:00:00,22.41915382422803,0.5309493279749319,43.51939434679335,1.6398348657528876,62.76738242280285,117.2767505775486,2.578228966745843,50,0,11
2004-03-10 01:00:00,22.110269054516724,0.4356184166136931,42.67393010271267,1.3926970908727807,1.4720726889649725,1.9490406834808502,2.5708088754279697,44,1,11
2004-03-10 02:00:00,21.736765008201203,0.4252109506744213,41.97587668124658,1.5884893428176623,1.2033242510114817,1.223260850655039,2.564685475669765,43,2,11
2004-03-10 03:00:00,21.66434935828877,0.40667130610416624,39.54645061497326,2.0422981922487793,1.5375561497326202,2.087471233229572,2.5629235106951875,44,3,11
2004-03-10 04:00:00,21.579069131238448,0.42321245265188395,37.67327665698442,2.0054376454486573,1.193910747293372,1.2175562005025,2.5623809823078956,43,4,11
2004-03-10 05:00:00,21.531622158348576,0.4075712209242827,36.07238063757512,2.0747598100938225,1.271586127567285,1.5279143693474107,2.563717423569375,46,5,11
2004-03-10 06:00:00,21.459384454545454,0.4780744181148876,34.84208352272727,2.0735825036787627,38.417150225409095,68.61344342353927,2.565749211363636,50,6,11
2004-03-10 07:00:00,23.185069216152016,2.8849940167495958,31.54067078384798,4.584748653518927,513.4911163895487,409.35749849733116,2.584033106888361,50,7,11
2004-03-10 08:00:00,23.70192452484543,3.3607672798048354,30.99978907716968,5.068392011400174,878.1388413098236,541.3585234804841,2.5889730936569726,50,8,11
2004-03-10 09:00:00,24.352623684210524,3.6853580862365956,30.298527850877193,5.292727848254066,999.8463157894737,551.6008584160272,2.59311201754386,49,9,11
2004-03-11 09:00:00,24.613774947807933,3.1991481309170773,31.201013361169103,4.822520343704939,1057.5684899095338,580.3895995991462,2.5465483020180932,49,9,12
2004-03-11 10:00:00,24.627222926691196,3.3381427140307287,31.72809099915086,4.9327265491908445,1077.3431757712992,586.0096758337454,2.546130820832154,49,10,12
2004-03-11 11:00:00,25.013880703778483,3.4662478430712182,31.434385982117103,5.217276672971326,1067.7954658205942,592.8135182749177,2.550620778771272,49,11,12
2004-03-11 12:00:00,25.14724800678541,3.4725662067989163,30.638980350579587,5.121592603426847,1054.993678258411,588.8372167901924,2.551438128357365,48,12,12
2004-03-11 13:00:00,25.22631364653244,3.403771909680263,30.555147762863534,5.053343955310093,1059.1505145413869,589.012386699025,2.549703084451902,49,13,12
2004-03-11 14:00:00,24.91834945828819,3.272536042204711,32.08652275189599,5.1406449515292545,969.196576381365,580.5307936276178,2.5451989192849407,49,14,12
2004-03-11 15:00:00,24.40833077564637,3.1885735042095633,34.25429936057826,5.2856720411477385,845.9304086738948,579.9002860534049,2.538683144286906,50,15,12
2004-03-11 16:00:00,23.708677229342786,3.124714697418662,36.302135587673845,5.473946605902669,670.4233433324243,532.3874507098943,2.5297994409599127,50,16,12
2004-03-11 17:00:00,22.24878317432784,1.777883470079315,39.25176970222608,4.129169854088941,463.72893899971086,419.402492889439,2.5148635010118534,49,17,12
2004-03-11 18:00:00,23.151427745015447,0.9852949193091934,37.626618871103624,2.5402630617410384,127.93609114041,153.45239776906018,2.5273922212861555,48,18,12
2004-03-11 19:00:00,23.24133641618497,0.6793933391423375,37.73907522708506,2.0272315944159676,119.24935983974676,110.36743232541595,2.5307953041563445,47,19,12
2004-03-11 20:00:00,22.96743657587549,0.6618616279921811,38.26975639244025,1.7979515668314539,112.74735436125626,103.73041508219006,2.5285016231239577,47,20,12
2004-03-11 21:00:00,22.646119088162592,0.6422913006845077,38.763905300741555,1.7184977124064045,117.57328764916231,106.7643563661612,2.5276448887668224,49,21,12
2004-03-11 22:00:00,22.314210677156506,0.6235366807684237,39.22254270862602,1.7156377843536486,110.57797695982018,99.26284013664858,2.523477488058443,47,22,12
2004-03-11 23:00:00,21.896694372801875,0.576857622897769,39.66789654161782,1.6514243497825178,78.0185345838218,98.65449304590796,2.5199622919109026,47,23,12
2004-03-12 00:00:00,21.27459047017987,0.5100200118351063,40.59831315872515,1.582865907256187,1.7053013916692963,2.415773252162466,2.51011887030609,43,0,13
2004-03-12 01:00:00,20.729484599092284,0.5189883870956062,41.60276886535552,1.6647134061678597,1.4252649170953102,1.661826685077465,2.5047094826021183,44,1,13
2004-03-12 02:00:00,20.354472755806654,0.4973368542971056,42.072386064030134,1.6371420826994374,1.3462967459510358,1.8522627255617108,2.499351650973007,43,2,13
2004-03-12 03:00:00,20.05028018164126,0.48122766218134216,42.38965011352578,1.588524665124569,1.3483236338631204,1.7414309855476395,2.4964985955238403,42,3,13
2004-03-12 04:00:00,19.69545615606012,0.5187070785514812,43.012221362328106,1.7980479939084781,1.1038831258714423,1.0895450009972223,2.4918519859290056,42,4,13
2004-03-12 05:00:00,19.427490067071226,0.49174686086407765,43.689057489619934,1.6795108124875602,1.5002053578409453,2.1638201833619726,2.4885755605237945,44,5,13
2004-03-12 06:00:00,19.303405555555557,0.503489064932038,44.035587868480725,1.46979030879352,49.16460326831066,97.81813718263014,2.490461176303855,49,6,13
2004-03-12 07:00:00,20.960427344387064,1.6939246011078881,41.39179953791791,4.1695299719781085,511.387964120685,426.67488405146275,2.508577306333243,47,7,13
2004-03-12 08:00:00,21.340547365439097,1.963277542711153,41.42310722379603,4.779489470281068,883.0884532577903,553.8002305979129,2.5125536685552405,47,8,13
2004-03-12 09:00:00,22.44794267636824,2.0796832316251526,40.31404397342613,4.723426734927078,1040.8811894969947,592.8523788614012,2.5242835590003163,46,9,13
2004-03-12 10:00:00,23.262957575757575,2.2465393323283838,39.92210461760462,4.92332294519646,1088.2774256854257,618.7645900416765,2.530430591630592,46,10,13
2004-03-12 11:00:00,23.564774647887322,2.388443843754385,40.32862506467375,5.339360402238224,1051.216487496407,631.0460955344913,2.5340444639264157,47,11,13
2004-03-12 12:00:00,23.623459334461366,2.369844238295335,40.96910329949238,5.4769713307182535,1032.9207896221094,635.2976295425595,2.5349371883812744,45,12,13
2004-03-12 13:00:00,23.55638301093356,2.281447819476111,41.24197603027754,5.430007839932392,1030.4350770955984,617.4961778865759,2.5345301289599105,46,13,13
2004-03-12 14:00:00,23.156732305103755,2.086012473433636,41.95330771172182,5.097113847764877,972.115445877734,585.3804172377113,2.53040106281548,46,14,13
2004-03-12 15:00:00,22.75376854304636,1.8245226402332364,43.16872422737307,4.762191276033117,883.851412803532,613.4854635423725,2.5261649034216336,49,15,13
2004-03-12 16:00:00,22.30375455286763,1.6846891098110535,44.0611444686056,4.559762267645114,746.1482576787171,581.9355917790288,2.5214980130470237,47,16,13
2004-03-12 17:00:00,22.180171644295303,1.103823460350835,44.06780436241611,2.927464843751188,501.97911633109624,457.83717859085067,2.5203383864653244,47,17,13
2004-03-12 18:00:00,22.62282488425926,0.7711827169468104,42.92327922453704,2.2731701489481795,120.802320665625,148.94354626655254,2.523513761574074,47,18,13
2004-03-12 19:00:00,22.329287901376148,0.5875353556811144,43.372133027522935,1.9234348432893529,96.50201838021789,76.9551179861568,2.5191305619266053,47,19,13
2004-03-12 20:00:00,21.925613925438594,0.5648765800718119,43.63157722039473,1.7913612699029078,88.27651324851973,70.51698066360862,2.5145675932017544,49,20,13
2004-03-12 21:00:00,21.65746336243312,0.5415123564697549,43.66112300760349,1.703961679073036,87.9521036327795,64.00752577271908,2.511063559560687,47,21,13
2004-03-12 22:00:00,21.26373945106737,0.5949788295977222,44.30077313556973,1.8474355944399385,85.4223953423898,62.987071309188266,2.5055484003326867,47,22,13
2004-03-12 23:00:00,20.86638848467488,0.6083893129563492,45.00657662560871,1.9298408697386509,87.66735605843597,62.83257612171141,2.5013593096533944,47,23,13
2004-03-13 00:00:00,20.53603496503497,0.6413992689779617,45.5441493006993,2.032338752738137,86.65531468531468,63.641373383500934,2.4970666870629374,48,0,14
2004-03-13 01:00:00,20.279616320727893,0.6384715000510844,45.625449815183394,1.9955093087624007,85.50323571225476,63.16760659346498,2.4931632982655674,47,1,14
2004-03-13 02:00:00,20.16622085959885,0.5701424982462884,45.29431644699141,1.692766255504334,87.16130085959885,63.74040467477259,2.4913113610315185,47,2,14
2004-03-13 03:00:00,19.924643039410263,0.5298867657338693,45.582901729515164,1.5634228760163225,86.48234760419619,64.13423872730083,2.4879193847462435,47,3,14
2004-03-13 04:00:00,19.75836101353297,0.5178627147693531,45.39113835300893,1.4991774961520479,86.17086092715232,62.638534618101225,2.485757866397927,47,4,14
2004-03-13 05:00:00,19.626731758087203,0.5236812266631284,45.055704866385376,1.4990388236059842,85.99555561755274,62.67459728304548,2.483129448663854,48,5,14
2004-03-13 06:00:00,19.56178214695752,0.540227722118635,44.77375335820896,1.547894473302279,141.8117680826636,116.84782466008745,2.4828267106773825,47,6,14
2004-03-13 07:00:00,20.633175775307198,1.4050326858718292,42.53268932124049,3.1394460436648415,629.7402691632533,420.1216965612418,2.494101939730837,47,7,14
2004-03-13 08:00:00,22.953564215967834,2.1900268706354975,38.57780815623205,4.523536975329468,942.5249396898333,549.7991147404025,2.516203917288914,47,8,14
2004-03-13 09:00:00,24.929474114915845,2.438660152968268,36.14075217643645,4.840626121875676,1086.0669413813116,580.1375318918255,2.5363797968659316,47,9,14
2004-03-13 10:00:00,26.712139845605698,2.613051056435374,34.14415350356295,4.967831006585924,1134.4933016627078,596.6883545105096,2.5554218616389552,46,10,14
2004-03-13 11:00:00,27.52704207119741,2.536159109454849,33.75741982936158,4.812411342079424,1115.6993468667256,610.4960895183287,2.564775639894086,45,11,14
2004-03-13 12:00:00,28.149312792056076,2.506024569698414,33.54326667640187,4.762624580798294,1101.476448598131,614.3934457625442,2.572602669392523,45,12,14
2004-03-13 13:00:00,28.624527427898762,2.2046024658268157,33.44572925250147,4.284723703859326,1116.7792819305473,597.6544936924239,2.579431957033549,46,13,14
2004-03-13 14:00:00,28.723577274031566,1.9338588457667318,33.563442840746056,3.7741415583099687,1038.157038737446,562.7160688364114,2.581672295552367,46,14,14
2004-03-13 15:00:00,28.282409088405398,1.9099166856636265,34.19917906912696,3.5391525022564623,916.1735499862295,603.974883332094,2.5762825943266314,47,15,14
2004-03-13 16:00:00,27.68746601343785,2.1573964639695387,34.80295965845465,3.774635935333612,778.5031243001121,606.535999509663,2.5716110358342665,47,16,14
2004-03-13 17:00:00,26.528337176938372,2.0582751737873535,36.27806699801193,3.761665720619447,462.54770235728483,511.33893150569384,2.558822712297643,47,17,14
2004-03-13 18:00:00,24.817038231981982,1.2855851820214717,38.84123859797297,2.656974071660554,33.31519725822072,47.556680550145884,2.539403795045045,47,18,14
2004-03-13 19:00:00,23.648834576467184,0.9103971860666771,40.34649285920786,2.073847962426128,17.58298962185603,29.12028402510591,2.5258793206128938,45,19,14
2004-03-13 20:00:00,22.874593779904306,0.7582805756881454,41.20216668660287,1.8123435384052249,14.386004784688996,21.68142342821944,2.5159745574162677,45,20,14
2004-03-13 21:00:00,22.23766536412078,0.7272658102581084,41.943140378922436,1.8865101967740772,39.008360008940194,65.24076633139458,2.509692134399053,45,21,14
2004-03-13 22:00:00,21.761514368314543,0.6957603440933666,42.437426799653075,1.8574997467183767,33.99066785492917,59.48166981399122,2.5023859583694708,46,22,14
2004-03-13 23:00:00,21.38578860103627,0.6129754088922253,42.75818393782383,1.6386232496723936,14.792904602255412,20.930883958842227,2.496399436147516,46,23,14
2004-03-14 00:00:00,20.98443341360626,0.5982984006860603,43.27578025285972,1.7058161522570308,14.326881396748947,20.548292740889032,2.4922578205900057,44,0,15
2004-03-14 01:00:00,20.63896854001222,0.5945449363334736,43.79219248625534,1.7608802218413948,13.762205253512523,20.201494123623302,2.48718425473427,44,1,15
2004-03-14 02:00:00,20.28129272336506,0.5855546575488393,44.251880503530856,1.672112362392798,14.3758120970218,20.956846574051106,2.4823963401903595,43,2,15
2004-03-14 03:00:00,19.94459224947018,0.5693446138039704,44.61422945806843,1.6515577248149849,14.374756282167727,20.631464579671615,2.4768167726309414,43,3,15
2004-03-14 04:00:00,19.64417313432836,0.6058899851242564,45.04502567773378,1.839177104106541,14.175229972586049,20.980671410904332,2.472928534876637,43,4,15
2004-03-14 05:00:00,19.340811219512197,0.6365864976471033,45.69422664634147,1.9640001830331455,14.221439057987805,20.84601327583124,2.4685835091463417,46,5,15
2004-03-14 06:00:00,19.106204988789237,0.611873795067978,45.94234066704036,1.8718773243460471,78.31255044843049,124.19118823856306,2.4675034024663676,47,6,15
2004-03-14 07:00:00,19.930838795045045,1.1634679424820094,44.34746421734234,2.8625251331531816,544.1468468468468,423.34417127124146,2.4765397972972973,47,7,15
2004-03-14 08:00:00,22.10121332189823,1.9699915099009575,40.58970580331618,4.53021691052625,876.9393710691824,555.7165126308427,2.4960056546598057,47,8,15
2004-03-14 09:00:00,23.955796826312753,2.418401558990293,38.291027957299484,5.400302800566051,1038.422527409117,592.8132401403763,2.5143513906520485,46,9,15
2004-03-14 10:00:00,25.47496646706587,2.5112997233108874,36.68235873966353,5.394043390044691,1064.9670259481038,608.2327353953631,2.5304458853721132,46,10,15
2004-03-14 11:00:00,26.609791915137613,2.439313874597692,35.87879251720184,5.1309053470418435,1056.3340825688074,620.7978897961054,2.5427629615825684,46,11,15
2004-03-14 12:00:00,27.516262186788154,2.485632924664705,35.50198792710706,5.1499943195990125,1071.4364009111616,632.5755918340014,2.552992021640091,45,12,15
2004-03-14 13:00:00,28.397115761973875,2.2290003093782915,35.019012801161104,4.649735690223536,1046.6860029027575,606.1690088550876,2.563908008708273,46,13,15
2004-03-14 14:00:00,28.780250639534884,2.0176984072810704,35.25809465116279,4.281592625053134,975.3208837209302,591.5300465312007,2.568642703488372,46,14,15
2004-03-14 15:00:00,28.601560352673495,1.9467192441906596,35.75206387940842,4.001030903165958,886.4759954493743,603.6833219444287,2.5661596075085322,47,15,15
2004-03-14 16:00:00,27.970828484005565,1.875953202928609,36.06930230876217,3.6276746901990213,762.4340695410292,576.3439864112773,2.560453257301808,47,16,15
2004-03-14 17:00:00,22.826370244304144,2.068517829594273,44.45099184737853,5.134332925552647,416.07056821301126,385.5451699406422,2.509215500960747,47,17,15
2004-03-14 18:00:00,21.15913728129206,1.6243893171046244,48.26374759084791,4.675270969471452,118.60262186282637,81.7853587970869,2.490575876177658,47,18,15
2004-03-14 19:00:00,21.658706526075804,2.7299824663470513,45.2735628954118,6.953663155506016,105.1922599031063,80.14867011606448,2.4926793815901966,47,19,15
2004-03-14 20:00:00,21.86628137409392,3.5451823039042525,43.44212253387961,8.57930114546208,73.50707217144658,67.77256512046526,2.4941672202962497,47,20,15
2004-03-14 21:00:00,21.533330668372244,3.5557200962094386,43.00176117684681,8.670956719104133,67.78299328429806,65.66165741710284,2.4894610553245924,46,21,15
2004-03-14 22:00:00,21.167105369551486,2.8520942764988533,43.98828834491472,7.47899038966878,67.86743524952621,67.43669078198707,2.4841448862918507,45,22,15
2004-03-14 23:00:00,21.143191044776117,0.5651406118134225,44.20613449419569,2.029598360875204,72.74423217247099,71.94249171571634,2.4803667860696517,44,23,15
2004-03-15 00:00:00,21.129159212649242,0.48545702757089976,43.977375153275254,1.7679598386557382,72.01515972894482,70.80669318416098,2.478391868344627,44,0,16
2004-03-15 01:00:00,21.031299999999998,0.481560872293488,43.885946247531265,1.7360764162424724,72.36429888084265,71.54346540690435,2.4750345589203424,44,1,16
2004-03-15 02:00:00,21.003790322580645,0.4474711158253889,43.03065306122449,1.6876274189264846,73.16271231073074,70.5632371766376,2.4739580842659645,44,2,16
2004-03-15 03:00:00,20.902549570389954,0.4480952412724982,43.262520059484466,1.5363181817409546,73.43719101123595,70.04465709350463,2.471396969596827,44,3,16
2004-03-15 04:00:00,20.757992702615436,0.4681451183341729,43.30615214723927,1.4926841254514445,74.0510881498224,70.898404463267,2.469353332257023,44,4,16
2004-03-15 05:00:00,20.637515261959,0.47122101718395387,43.460752554506996,1.4904054908739897,71.36930686625448,69.76180106687066,2.4666309241783275,46,5,16
2004-03-15 06:00:00,20.630525251889168,0.4747119248769852,43.59744502518892,1.4846644505418762,148.38171914357684,155.96301227712758,2.4678298803526446,47,6,16
2004-03-15 07:00:00,23.04468907510863,3.2655680777525276,41.99034484792055,7.172433297755903,667.4762756052141,439.0572855661613,2.493193010552452,47,7,16
2004-03-15 08:00:00,24.00799302899445,3.623462732233625,40.05937273288094,7.377039607348555,954.016730413325,528.5330418953138,2.502416388032079,47,8,16
2004-03-15 09:00:00,24.907452173913043,3.856914093721578,38.4449101863354,7.29147778501527,1118.2925714285714,549.5757102262406,2.5114114503105593,46,9,16
2004-03-15 10:00:00,23.434357226864748,3.2695542075414887,39.2923802537914,6.17026051251365,1157.7387062828846,583.8973280341199,2.496620541627979,46,10,16
2004-03-15 11:00:00,23.577214776742693,3.347903193810805,36.07482518470928,5.7095162975239955,1137.0715322839703,601.6419500999315,2.496678506264054,45,11,16
2004-03-15 12:00:00,24.02208807863031,3.818020197773082,35.0886301521877,6.167255009618427,1135.2391629676601,598.1674699660019,2.5010340963855424,46,12,16
2004-03-15 13:00:00,22.8362147479776,2.2080438361512833,38.544301680149346,4.703809514139905,1108.824990665837,567.179747923674,2.4875752146857497,46,13,16
2004-03-15 14:00:00,22.575811402157164,1.7581265390901661,40.02952320493066,4.122728369992894,1051.6804930662556,545.9590376234883,2.4857929922958397,46,14,16
2004-03-15 15:00:00,23.077128019323673,1.9812427852989654,39.861906728778465,4.3682819696368425,889.4863492063491,547.3103387156365,2.4904866390614218,47,15,16
2004-03-15 16:00:00,25.42536829268293,1.0463749012872816,35.3736,2.4731977121647213,550.3619512195122,497.8625642435451,2.5125174390243905,26,16,16
2004-03-16 11:00:00,22.95560501858736,1.6395449115412561,33.15091273234201,2.8844869849522152,1127.3146468401487,610.8370416178386,2.477045223048327,42,11,17
2004-03-16 12:00:00,23.236058124419685,1.743759805238561,32.528511142061284,3.0020776618029936,1119.922748375116,599.6614681534726,2.4776731290622096,44,12,17
2004-03-16 13:00:00,22.635459911293072,2.137007168165739,33.56368017741386,3.562061601939683,911.3907335380416,583.5325373783561,2.4715109962470145,44,13,17
2004-03-16 14:00:00,22.60320046122802,1.4911507073381856,34.00519140962814,2.6713199118785087,918.8155895070624,553.2044886112569,2.47453340443932,44,14,17
2004-03-16 15:00:00,22.343444933078395,1.3001801199982916,34.8900482791587,2.537081161440675,866.6007138304652,582.9019525903952,2.4728845283620142,45,15,17
2004-03-16 16:00:00,22.063850383141762,1.146876573627517,36.014256002554276,2.3662901159572036,776.7020689655172,561.5988462730543,2.470139396551724,45,16,17
2004-03-16 17:00:00,21.786357714995344,1.02172458907148,37.00209264203664,2.2647621264527538,563.0525675256132,478.0906118799267,2.466016789816827,45,17,17
2004-03-16 18:00:00,23.451985960513948,0.9696094620483657,34.73775017235976,1.9462303749686467,156.28352240676904,210.99519795662368,2.480425064243184,45,18,17
2004-03-16 19:00:00,23.948210070186146,0.5570249916978388,34.57123011901129,1.3960715318333086,111.51856697198659,116.01282814129247,2.485084647543485,45,19,17
2004-03-16 20:00:00,23.89025185185185,0.5227229285957993,34.43176406151915,1.298524244016951,103.82851879522913,111.61213228305414,2.4855818330194603,45,20,17
2004-03-16 21:00:00,23.73105523868568,0.49738526500165137,34.11494076255425,1.2384454497085393,105.89329220743954,110.89981473178787,2.4836922907625545,45,21,17
2004-03-16 22:00:00,23.60636705957311,0.4978728772845603,33.61831181905065,1.237277748862536,105.55747693857917,110.9779588747654,2.4811985727938835,45,22,17
2004-03-16 23:00:00,23.43001147102526,0.5123074335239345,33.326330193164935,1.2291185999820335,102.98955720653788,110.14832170535612,2.4786792303120357,45,23,17
2004-03-17 00:00:00,23.269845714285715,0.5041814263392677,33.09481486880466,1.2213090406764648,103.8167696793003,109.63493086589281,2.4755970903790088,45,0,18
2004-03-17 01:00:00,23.117572057474778,0.4688042048891362,32.826762824824215,1.2281115508034943,73.7677713237542,99.20784288268314,2.470687208804647,45,1,18
2004-03-17 02:00:00,22.680909279778394,0.38689015705182817,32.62413950831025,1.198739746125418,1.298448753462604,1.8664041481424942,2.463345228531856,39,2,18
2004-03-17 03:00:00,22.223830695443645,0.391093539753299,33.029583281945875,1.1801086271668824,1.3053031860226105,1.831448329542371,2.458533052415211,39,3,18
2004-03-17 04:00:00,21.81041402684564,0.3838270793020338,33.418849899328855,1.067039077186191,1.3151677852348993,1.8732234879174468,2.4541925503355704,40,4,18
2004-03-17 05:00:00,21.57076830769231,0.36466477006453574,33.40206430769231,1.0747859151324342,1.7164802373538461,2.664285381488861,2.4518899015384616,45,5,18
2004-03-17 06:00:00,21.39713936939543,0.3778624406811282,34.19047295342783,1.140308373225317,83.56207125559733,146.55067165679992,2.4509240815736186,45,6,18
2004-03-17 07:00:00,20.856114277715566,1.355284838718767,36.145035694288914,2.707935794036834,533.2252519596864,402.4804824620541,2.445437416013438,45,7,18
2004-03-17 08:00:00,20.887070744373915,1.340162960125456,37.010700894402774,2.7957832572986323,862.1233467974611,526.3998079806556,2.4441978043854586,45,8,18
2004-03-17 09:00:00,21.50195618992135,1.4266378929790933,37.74611817652199,3.0272570574293556,973.8654238275561,562.771714854392,2.447860317506554,44,9,18
2004-03-17 10:00:00,22.317190911625314,1.7143614913646756,38.15229163646501,3.5548404640949953,1003.3893950376358,594.6890877375488,2.455503922497909,44,10,18
2004-03-17 11:00:00,22.631449155503784,1.898640519091175,38.68161121141525,3.9091436372020145,990.7569481654048,606.9782362499504,2.4571737711124055,43,11,18
2004-03-17 12:00:00,22.729391382405748,2.0250983433421323,38.65182728904847,4.181454863683463,999.4811729503292,597.2273967232984,2.4576769958108917,44,12,18
2004-03-17 13:00:00,22.830957345971566,1.9624121836479007,38.52267248222749,4.070115104832027,1002.5590995260663,576.4606040565924,2.458017574052133,44,13,18
2004-03-17 14:00:00,22.78197497842968,1.6897584348589496,38.67544391716998,3.556091915852107,946.3082427379925,555.9031940460184,2.458617178602243,44,14,18
2004-03-17 15:00:00,22.4391832139788,1.3165717813789442,39.182453824119165,2.9806251473467813,825.9728902893154,531.9534537788619,2.453981197364652,45,15,18
2004-03-17 16:00:00,22.09772991549296,1.1335820935356764,39.65930687323944,2.6358206249351506,731.6233915492958,534.8807431402247,2.4505374140845073,45,16,18
2004-03-17 17:00:00,21.6550330606488,1.0245558610799446,40.75425345557123,2.5297552775795102,531.3234866008463,457.1403464151587,2.445536341325811,45,17,18
2004-03-17 18:00:00,23.144782857142857,0.8922196643268627,38.061869679300294,2.054821565300009,150.19722575236153,180.74521833496283,2.45747484548105,45,18,18
2004-03-17 19:00:00,23.427372230257447,0.5066379367465886,37.65289201619902,1.4430611910948594,104.7505293607174,83.10755999438838,2.4607172403818343,45,19,18
2004-03-17 20:00:00,23.119735674240186,0.48310670710895326,38.28458143995279,1.2802818634814133,104.76435526704043,83.52884711869797,2.4570075922100916,43,20,18
2004-03-17 21:00:00,22.71099147810755,0.5093119665132912,39.445775903614454,1.2442598600591916,104.84093446958566,84.54436706985109,2.4524961739641493,43,21,18
2004-03-17 22:00:00,22.3561054245283,0.5454125849760324,40.062092246462264,1.415063713215172,103.39110259433963,84.42100942539322,2.4485479038915097,45,22,18
2004-03-17 23:00:00,21.991502882096068,0.5803544662031054,40.923904308588064,1.5498516121614208,102.92951965065502,82.10155343182898,2.4444865647743814,43,23,18
2004-03-18 00:00:00,21.66157322515213,0.6270345380326281,41.5286412054477,1.6415475929320587,98.59035641842944,77.4714110864648,2.439400814256737,43,0,19
2004-03-18 01:00:00,21.24462888402626,0.6335747597174708,42.31349415442326,1.627526102130075,33.521187871209754,60.608508190930685,2.4305664301344168,43,1,19
2004-03-18 02:00:00,20.815767146433043,0.5887799330496299,42.649355913642054,1.3433984157742638,1.9419023779724656,2.67280343369313,2.423978178973717,41,2,19
2004-03-18 03:00:00,20.570698992525188,0.5988364876566225,42.48449912252193,1.1808161858045045,1.5309912252193694,1.931997076540004,2.419166262593435,41,3,19
2004-03-18 04:00:00,20.348989824,0.6783596182056822,42.593264448,1.236403495804182,1.4094721763199998,1.7583023198265202,2.4161295392,41,4,19
2004-03-18 05:00:00,20.095686783042392,0.7723860511015634,43.4352522755611,1.299452833831875,1.5062221512468827,1.7726225020190114,2.413677867830424,45,5,19
2004-03-18 06:00:00,19.97809886363636,0.851961891903557,43.774907272727276,1.1462381595914135,82.432,144.31435299373408,2.4150478778409092,45,6,19
2004-03-18 07:00:00,20.528797575057734,1.6611405988282817,43.7072272517321,3.630878262509738,477.86563510392614,381.81331037534716,2.416494682448037,45,7,19
2004-03-18 08:00:00,21.050726150627614,2.175632531439978,43.89155878661087,5.0890618432882695,805.6312970711298,521.4986272588552,2.423534518828452,44,8,19
2004-03-18 09:00:00,22.012140116959063,1.9857224271823524,42.79613076023392,3.946208849976885,1051.317894736842,564.9357947239969,2.431377356725146,39,9,19
2004-03-18 10:00:00,23.12287610619469,1.8635386978821509,41.841292667509485,3.41177454812926,1110.1690012642225,626.751237627201,2.4377549431099874,40,10,19
2004-03-18 11:00:00,23.71870480109739,2.0339901118897763,41.705544170096026,3.9190966410749173,1162.481207133059,654.023485929971,2.441236570644719,41,11,19
2004-03-18 12:00:00,24.33031951807229,1.9609744873661892,40.42356421686747,3.8025326421865353,1154.5490120481927,645.7392966128793,2.448345578313253,42,12,19
2004-03-18 13:00:00,23.973373770491804,1.97103749545824,41.59948103044496,3.7289920734603927,1064.5714285714287,572.8412152584498,2.4481071545667445,44,13,19
2004-03-18 14:00:00,23.04238733125649,1.9367723736973774,43.43150160955348,3.9735438839158697,989.9047144340602,499.0742841425109,2.4405334994807895,44,14,19
2004-03-18 15:00:00,22.650764199475066,2.07310738452505,44.50770225721785,3.478680826046917,907.0688083989502,525.8942097947935,2.433577102362205,44,15,19
2004-03-18 16:00:00,22.489194084650688,2.2809936169612746,44.4766733299337,3.494331564608017,835.9314227434983,581.2211942369884,2.430074431412544,45,16,19
2004-03-18 17:00:00,21.875914646464647,2.7474686320350545,46.24081208964646,3.4273457548174306,470.4745833333333,456.4720352538791,2.41818632260101,45,17,19
2004-03-18 18:00:00,23.001212669683255,2.796544859392163,43.546546638655464,2.1517481410116823,167.51418875242405,194.5776808088908,2.426929343891403,45,18,19
2004-03-18 19:00:00,22.78171357564461,2.9402826662860337,43.73784293258776,1.5390584360529393,137.12930102516307,108.84561004448588,2.425563407890649,45,19,19
2004-03-18 20:00:00,22.39434475590551,3.2389063815531487,43.98262674015748,1.3540999065220543,120.27442519685039,108.74318556741419,2.420057707086614,45,20,19
2004-03-18 21:00:00,22.17363500635324,3.853128072015321,44.06098560991105,1.204676765228203,111.49344980940279,106.60410901147272,2.4147801111817024,45,21,19
2004-03-18 22:00:00,21.940852658389048,4.440182294222486,44.013547755491885,1.1529369251308337,108.63776504297994,106.56672094737037,2.4102420216491565,45,22,19
2004-03-18 23:00:00,21.69871689822294,4.994185703452011,44.14857308562197,1.1763317404335516,107.35523101777059,106.94007009711338,2.405990268174475,45,23,19
2004-03-19 00:00:00,20.547725186693825,2.336711587713207,44.66053326544468,1.2969666811553773,104.8008350305499,105.67227323945721,2.404936914460285,44,0,20
2004-03-19 01:00:00,20.205376097560976,3.232620418712112,45.51347616724739,1.4306276471557833,74.81146383700349,98.31416328758579,2.3987872648083624,44,1,20
2004-03-19 02:00:00,19.774449122807017,2.8008791899044745,46.430493770139634,1.5319873849902292,2.4449697640529897,3.560510709870053,2.3913458968850696,40,2,20
2004-03-19 03:00:00,19.25166997146933,2.6335870593000066,47.180420363766046,1.6879696070178272,1.6541163745363767,2.515908069751103,2.385893484308131,40,3,20
2004-03-19 04:00:00,18.93984368499257,2.834272384537517,47.970211849925704,1.8300225487999693,1.9246661263744427,2.8991419162320033,2.3805735326894504,40,4,20
2004-03-19 05:00:00,18.74546656976744,2.9491462049164743,48.170113444767445,1.8348786574311557,1.8407124495639535,2.5961737494940214,2.3775780922965115,43,5,20
2004-03-19 06:00:00,18.706872801358234,3.198952102047278,48.186710492359936,1.690022202555633,83.94648556876061,138.7660084210589,2.3794984991511035,43,6,20
2004-03-19 07:00:00,19.090473319615914,3.623631813210312,48.11100336076818,2.7649362355426095,530.5566803840878,415.2070182295275,2.382922486282579,43,7,20
2004-03-19 08:00:00,20.554022282424654,4.481013470475099,45.55207839485269,3.3377594863155857,823.5691703352522,536.988169975517,2.3939743278022347,43,8,20
2004-03-19 09:00:00,21.10164849755416,2.543438986913147,43.97941540880503,3.743922017446336,995.2188399720475,575.8943477714364,2.404295188679245,42,9,20
2004-03-19 10:00:00,23.761495179856116,2.202368935914135,39.84696928057554,4.2425815235928415,1050.3289208633093,622.5409208846252,2.430853079136691,41,10,20
2004-03-19 11:00:00,23.711984351005484,2.0884358552540454,40.71723469835466,4.117530173689373,1039.3423327239486,625.9007629975895,2.4323199012797074,39,11,20
2004-03-19 12:00:00,23.616603237410075,2.098361334108534,41.30050068345324,4.410319786162642,1038.652201438849,623.3682048742305,2.431244654676259,40,12,20
2004-03-19 13:00:00,23.62015679190751,1.6927644292546582,41.69990419075145,3.7408312578017138,1036.4358381502889,599.422429143054,2.4335800216763004,40,13,20
2004-03-19 14:00:00,23.79678078014184,1.4531566012540236,41.9608620212766,3.2766802354690454,989.8247375886524,575.4370243871275,2.4347626134751774,41,14,20
2004-03-19 15:00:00,23.32717584673281,1.2091720747337096,43.05512446117003,2.73146752209715,853.5302360588436,578.2547903644,2.429780971604516,42,15,20
2004-03-19 16:00:00,22.97469724208376,1.397270995600232,44.099903949608446,2.559746319520297,746.4307388491659,584.1905334863095,2.4247710010214503,42,16,20
2004-03-19 17:00:00,22.372972392211405,1.4201899643869562,44.92815733657858,2.427007172134319,550.4974826147427,525.5481734922771,2.4172382510431154,42,17,20
2004-03-19 18:00:00,22.85647258953168,1.6194853132696192,43.578926928374656,2.324748546078082,179.6970041322314,222.4085276147202,2.419877042011019,42,18,20
2004-03-19 19:00:00,22.40878109965636,1.6334318490907642,44.123717766323026,1.5397921838047344,139.39849484536083,113.51551939396677,2.4141245189003437,42,19,20
2004-03-19 20:00:00,21.991784771929826,1.850164887230324,44.35831715789473,1.266731249729846,133.67809824561405,106.38466091082934,2.4078454842105264,42,20,20
2004-03-19 21:00:00,21.731841852487136,2.4290622884475104,44.490795094339624,1.246434322275351,133.75506003430533,106.74162215796792,2.40264027787307,42,21,20
2004-03-19 22:00:00,21.297874991423672,2.5803965533595554,44.72278301886793,1.3485611266033888,128.85223327615782,107.51633829164554,2.398070562607204,42,22,20
2004-03-19 23:00:00,21.167006700507613,3.308898576009753,44.5446655499154,1.2993379225479469,130.39108629441623,107.9340899763179,2.392685448392555,42,23,20
2004-03-20 00:00:00,20.949749344096873,3.871810301833235,43.95552670702993,1.3415718506503502,128.58532843343426,103.84959919408713,2.3890579246552304,42,0,21
2004-03-20 01:00:00,20.822197558494405,4.716445274864809,43.832818786029165,1.2569682021869535,130.02307900983385,103.42666973905521,2.384503950491692,42,1,21
2004-03-20 02:00:00,19.74031512461591,0.9764895393348169,43.16418234892455,1.3390199348763936,122.99966541481734,101.69912027534322,2.383462908842608,42,2,21
2004-03-20 03:00:00,19.506906685140283,0.586780206967924,42.1135060616557,1.3535759413634965,124.24700381018357,102.32808969454396,2.3801093972982335,41,3,21
2004-03-20 04:00:00,19.34081558895491,0.6927252326620553,41.224170290108354,1.3330416283422086,124.40451590353024,101.31743527610715,2.3771236665501574,41,4,21
2004-03-20 05:00:00,19.199639402560454,0.8708298136805759,40.96231582503556,1.2545867607706058,126.65262446657184,105.47854810848914,2.3737589829302985,41,5,21
2004-03-20 06:00:00,19.12773269299182,1.1040069321023638,40.64717929562433,1.2992925136745503,225.34043400924938,200.57068850603056,2.3705924261828533,41,6,21
2004-03-20 07:00:00,20.42737086419753,1.9839409271973825,38.22254507936508,2.7656873016129175,626.6579188712521,425.2496207720036,2.380745569664903,41,7,21
2004-03-20 08:00:00,22.55210391101543,2.2852031728212427,35.14019630426983,3.639202760751214,870.7141442411195,528.8352129467336,2.4002616684607103,41,8,21
2004-03-20 09:00:00,24.5142143772242,2.3907625227631746,33.15479259786477,4.039043647641016,1009.4750747330961,557.4350198639102,2.4204628896797153,40,9,21
2004-03-20 10:00:00,26.03483770260747,2.404026004474339,31.85696916842847,4.081779315189713,1055.3093727977448,580.5721139155983,2.4362954545454545,41,10,21
2004-03-20 11:00:00,27.78637261613692,4.108341023380745,30.886393852602165,4.128700586005972,1083.1899406217253,596.0444046149397,2.446543300733496,40,11,21
2004-03-20 12:00:00,28.496714742451154,3.2640792144081168,30.49172056838366,3.8853574275276532,1061.4505719360568,598.7963235163002,2.456496191829485,39,12,21
2004-03-20 13:00:00,29.121560736622655,2.8175130089830005,30.177683460736624,3.5617879762495055,1079.871577484364,576.2429359387145,2.4645006567060457,41,13,21
2004-03-20 14:00:00,29.23854927835052,2.389302903275428,30.76283120274914,3.1562500659233312,1026.3305017182129,538.0748766706946,2.468345945017182,41,14,21
2004-03-20 15:00:00,28.80401909581646,2.457786578712623,32.02084898785425,3.083895227251581,910.0774089068826,530.2859947672305,2.464167685560054,42,15,21
2004-03-20 16:00:00,27.387488911290323,2.4430188097030046,34.59014640456989,2.917127130623972,642.6091801075269,479.5016206178997,2.450483931451613,42,16,21
2004-03-20 17:00:00,26.18270431211499,2.9006082868808436,36.80707833675565,2.9434026046516837,503.4673237508556,473.57908605671696,2.436644965776865,42,17,21
2004-03-20 18:00:00,24.825967528931244,3.387129739421369,39.21831575901974,2.352393489649759,105.1446291493533,118.70631569906618,2.4180815690946225,42,18,21
2004-03-20 19:00:00,23.711095501474926,3.041441379023777,40.79573565634218,1.880419495498044,37.63504436969027,84.13027861277293,2.407209111356932,42,19,21
2004-03-20 20:00:00,22.87999027027027,1.62011562304232,41.61041586872587,1.6291262387973644,1.6306411393822393,2.6629836985812125,2.398751146718147,38,20,21
2004-03-20 21:00:00,22.498362143671606,1.8214155482948244,42.228000760167234,1.5893507836503202,1.6919118206005321,2.698421724569432,2.3922714785252754,39,21,21
2004-03-20 22:00:00,22.15366928783383,2.329274147506061,43.24500441394659,1.776196275714393,2.146840089614243,3.433528004060556,2.3848036238872403,40,22,21
2004-03-20 23:00:00,21.8612656167979,2.665460449721796,43.87631552305962,1.7193260987928176,1.351023622047244,2.026266444348524,2.3799776490438695,38,23,21
2004-03-21 00:00:00,21.826263237518912,3.5008974855835917,44.70033721633888,1.9113107637378346,1.8969138920574888,3.0763736369634134,2.3731759001512858,38,0,22
2004-03-21 01:00:00,21.79624230182927,4.257777104573688,45.36353837652439,2.041157577245115,1.8443826219512194,2.973130375839159,2.366747294207317,37,1,22
2004-03-21 02:00:00,21.73385267584098,4.738882045454081,45.81966961009174,2.1123761044518785,2.125565749235474,3.3685677300149908,2.364726330275229,37,2,22
2004-03-21 03:00:00,21.777664761188415,5.052447224652247,45.87940819857089,1.9922798663646946,1.9202707784881534,3.07873606013991,2.3604704550582927,37,3,22
2004-03-21 04:00:00,21.998891794478528,6.096878956118746,46.133979601227,1.8988122003474472,1.3958742331288343,2.1220667570427167,2.3573000536809814,37,4,22
2004-03-21 05:00:00,21.8228519391635,6.470836300269529,46.62338821292776,1.8930696592978924,1.834091464258555,3.004856888714495,2.3534339125475285,40,5,22
2004-03-21 06:00:00,21.445571104608632,6.1630517543316685,46.949727432333574,1.7967943266272766,12.123057911704462,17.773411388155584,2.3530875420629114,40,6,22
2004-03-21 07:00:00,21.54536050295858,6.923392622750343,47.23973069526627,1.8141690531778218,48.4078550295858,45.859736616450554,2.352819852071006,40,7,22
2004-03-21 08:00:00,19.96497071320182,3.0086398961651435,47.713924241274654,2.019902984872355,121.37089529590288,131.5832932196568,2.3535818550834597,39,8,22
2004-03-21 09:00:00,19.99471103421761,2.277729246989142,48.08388589004229,2.029984406743065,181.5919415609381,174.6354738453512,2.3517990926566705,37,9,22
2004-03-21 10:00:00,20.335459843107955,2.6241621198338363,47.94493249906612,1.9056064738838698,445.7906910720956,411.4296947789474,2.353707026522226,37,10,22
2004-03-21 11:00:00,23.223417874396137,2.8023783962782143,41.70830744766506,3.8179047581959082,1048.868148148148,599.1692353252478,2.3808797181964576,36,11,22
2004-03-21 12:00:00,24.783269534050177,2.1343318225367356,38.81308295499801,3.6312844706479557,1052.072576662684,606.1401129677342,2.399384289127837,34,12,22
2004-03-21 13:00:00,25.420296991869918,1.7837843537405962,38.317888617886176,3.401744190491737,1061.8280975609757,580.0760960742315,2.408103573170732,36,13,22
2004-03-21 14:00:00,25.740345134818288,1.4832797343215436,38.446489957014464,3.21251231647682,1045.4867057444314,590.917773251655,2.4125430324345447,37,14,22
2004-03-21 15:00:00,24.75703732503888,1.4972048261067348,41.0046133748056,3.108109015526893,847.1354276827371,603.0891551917114,2.4036375583203733,37,15,22
2004-03-21 16:00:00,24.215478196078433,1.6094261213541887,42.41142141176471,2.949822660494722,766.3596392156862,594.4316376813467,2.394715219607843,37,16,22
2004-03-21 17:00:00,23.356796863330842,1.8150199005458714,44.22100810306199,2.6213402714319023,354.31371172516805,356.3506139400838,2.3830718932038835,37,17,22
2004-03-21 18:00:00,22.60033211488251,2.3212373788889145,45.887327788138755,2.07279216750175,64.44551311495711,161.35009211931617,2.370871126445356,37,18,22
2004-03-21 19:00:00,22.23315667915106,3.2406577130403327,46.92488926342073,1.597427701570869,35.22675405742822,104.68649913020346,2.35967893258427,37,19,22
2004-03-21 20:00:00,22.170448095909734,4.1865877306457735,47.1797605077574,1.4604946438857456,22.341791255289138,84.7491037520042,2.354089866008463,36,20,22
2004-03-21 21:00:00,22.316857727272726,5.4587452500014475,47.57667166666666,1.4583561129439306,3.2081819851515156,6.851550342868551,2.3481921136363635,36,21,22
2004-03-21 22:00:00,21.424299547511314,3.997901656802474,47.93440422322775,1.441842662951374,1.6571946532428357,2.621695087976673,2.3399833484162897,35,22,22
2004-03-21 23:00:00,21.21640060331825,3.7213415839563364,48.70346553544495,1.6910480500397957,1.52604826546003,2.4083457240864092,2.334674524886878,33,23,22
2004-03-22 00:00:00,21.63330080515298,4.806267861159475,49.43598623188406,1.6818246068381884,1.4585185185185185,2.360108520237107,2.3304640821256037,33,0,23
2004-03-22 01:00:00,22.00704418410042,5.711475445528967,49.72772485355649,1.8459812491202823,2.4982426778242677,3.8796633267588905,2.325629029288703,32,1,23
2004-03-22 02:00:00,22.901994664510912,7.399062445575887,50.32945812449475,1.8758183161584,1.572255456750202,2.45024663696091,2.3234810024252224,32,2,23
2004-03-22 03:00:00,23.018739493049875,7.666086098981053,50.37573834832379,1.8916687780551371,1.492461161079313,2.3533576827378155,2.321357440719542,31,3,23
2004-03-22 04:00:00,23.34351879194631,8.651910270994836,51.03650738255033,1.926847205884187,1.4934563758389263,2.3203985296639162,2.315068674496644,31,4,23
2004-03-22 05:00:00,23.34306551724138,9.06672190128152,51.45529187192118,2.0035432188424296,1.53559934318555,2.379572821720267,2.311295065681445,36,5,23
2004-03-22 06:00:00,22.695573502109706,8.058780114407616,51.68135265822785,2.2031084943092862,31.356860759493667,51.66674783023477,2.3077700506329117,33,6,23
2004-03-22 07:00:00,23.295362480127185,9.308207139773822,53.08964141494435,2.9908121751554897,266.262480127186,265.47736284029577,2.3028488553259145,33,7,23
2004-03-22 08:00:00,23.25763437779767,8.661249886507326,53.42586750223814,3.3897402016348184,471.3900447627573,332.13577836478265,2.3043474574753806,32,8,23
2004-03-22 09:00:00,24.06046660854403,8.78669451947637,53.22442676547516,3.553536915361622,632.7883522231909,429.7936617590988,2.3089730078465562,31,9,23
2004-03-22 10:00:00,24.752639089968977,7.182637603169903,49.285099793174766,3.966981297284121,1137.972450879007,564.9434133686158,2.326526494312306,32,10,23
2004-03-22 11:00:00,26.237575409836065,5.005298642633653,43.82652482435597,3.3172762563480456,1285.4619203747072,585.559634403275,2.354650105386417,30,11,23
2004-03-22 12:00:00,26.858177235772356,6.055174691616487,43.08496271777003,3.4587124656729458,1260.3465737514516,598.3515186242873,2.359109837398374,29,12,23
2004-03-22 13:00:00,27.371590279214065,7.120855002670436,43.833767735263706,3.1099305793902667,1148.5824198552223,580.9380625338268,2.3578823267838676,32,13,23
2004-03-22 14:00:00,26.30505577523413,7.049981656563789,46.16762414151925,2.5016240378502084,1007.990676378772,539.5247200944364,2.3479280437044747,33,14,23
2004-03-22 15:00:00,25.41172621564482,5.802020730636922,47.151554756871036,2.502507110232805,828.0933615221987,496.4996014362549,2.345653911205074,31,15,23
2004-03-22 16:00:00,25.00420133481646,5.394211964565532,48.54014983314794,2.6778863239659887,806.3498109010011,490.32902357837986,2.3413463959955507,30,16,23
2004-03-22 17:00:00,24.961864820512822,5.651996634708032,49.81238564102564,2.9908556447615147,503.17489230769235,402.03405606426713,2.3369968923076923,29,17,23
2004-03-22 18:00:00,25.648204069175993,6.337100322813979,48.83937843336724,1.8020926291609358,160.31678535096643,148.33930051346658,2.3364322889114955,29,18,23
2004-03-22 19:00:00,25.415333480176212,6.0538635408458035,49.35610759911894,1.6903154483876455,127.13528634361234,73.16099041758206,2.3304210022026433,27,19,23
2004-03-22 20:00:00,25.70747716535433,7.369055359268088,49.86251102362204,1.53376232418375,126.10105736782901,77.53363821133458,2.3223324971878516,27,20,23
2004-03-22 21:00:00,26.505079813302217,9.066699363975095,50.190421703617275,1.5635948437173304,123.35460910151691,60.26494383539825,2.318044585764294,27,21,23
2004-03-22 22:00:00,24.461278918918918,6.930699455010644,50.36259689189189,1.6524287785244656,126.75797297297296,73.0689132132054,2.316042581081081,25,22,23
2004-03-22 23:00:00,25.113293316519545,8.2535437475178,50.46376822194199,2.0260697906887177,124.85490542244641,73.85793797754808,2.310699697351829,25,23,23
